org_name,last_updated,neighborhood,address,latitude,longitude,site_updates,currently_open_for_receiving,opening_for_receiving,closing_for_receiving,currently_open_for_distributing,opening_for_distributing,closing_for_distributing,urgent_need,accepting,not_accepting,seeking_volunteers,seeking_translators,hot_meals,legal_support,covid_testing,pet_vaccination_health,pet_food,housing_support,food_delivery,wheelchair_accessible,elder,youth,baby_toddler,immigration_naturalization,eye_exams,dental,transportation_vouchers,clothing,insurance_not_needed,refugee_services,vaccinations_general,mental_health_services,healing_resources,art_resources,community_service,education,lgbtqia_supportive,qtibpoc_supportive,trans_supportive,black_run,indigenous_owned,community_run,spanish_speaking,somali_speaking,karen_speaking,memorial_space,medic_on_site,protest,seeking_money,seeking_money_url,delivery_only,distribution_to_residents_only,restricted_distribution,produce,household_supplies,needle_exchange,warming_site,no_id_needed,some_info_required,by_appointment,black_own,indigenous_run,public_transit,COVID_Vaccination
38th and Chicago - George Floyd Square,5/29/2022 6:51pm,Central,"3726 Chicago Ave, Minneapolis, MN 55407",44.9349370,-93.2634391,"Needs change very often.  Best option to contribute: use the wishlist at https://www.amazon.com/hz/wishlist/ls/HBG9XS6Q8371

You can also stop by the square to get involved!

Groceries distributed every Saturday from 12:00pm to 3:00pm by Worldwide Outreach for Christ Ministries at 3808 Chicago Ave.

Informational links:
- Significance of the space: tinyurl.com/ydy76smj
- Map of memorial site: tinyurl.com/y8autpbf",no,----,,no,----,,,"For ongoing needs, see the George Floyd Square Donation Drive wishlist at: https://www.amazon.com/hz/wishlist/ls/HBG9XS6Q8371?ref_=wl_share",,"If you're interested in volunteering, please go to GFS and speak with someone there in person.

Significance of the space: https://tinyurl.com/ydy76smj ",,,,,,,,,checked,,checked,,,,,,checked,,,,,checked,checked,,,,,,checked,,checked,,,,checked,checked,,,,,,,,,,,checked,,,,,5-BUS-(1 block),
Al-Maa'uun,4/11/2023 11:03pm,Near North,"1729 Lyndale Ave N, Minneapolis MN 55411",44.9972387,-93.2883463,"Supply drop off Monday - Friday: 10am - 2pm by appointment only. 

To make an appointment call 612-326-5851 if you'd like to volunteer to deliver items.

Winter Coat Giveaway: https://docs.google.com/forms/d/e/1FAIpQLSeEyxGvUy-eVoMC5XJchiZmQyFZ8BrBI2fNMDFAfX5rxFMHiw/viewform 

Al-Maa'uun provides delivery of cooked halal meals for seniors (60+) and disabled adults to North Minneapolis households as a Meals on Wheels provider. Those in need can sign up at https://www.FeedNorthMpls.org, call the Need Food hotline at 612-326-5851, or email needfood@almaauun.org. 

The building is not open to the public. Distribution is coordinated ahead of time and done by appointment. Groceries and household goods available for pick up by appointment.",no,----,,no,----,,,,,"(as of 4/11)
Yes, learn more here: https://almaauun.org/volunteer/
Mentor Program application: https://alm-mentor.paperform.co/",,,,,,,checked,checked,,,,checked,,,,,,,,,,,,,,checked,,checked,checked,,,checked,,,,,,checked,https://almaauun.org/donate/,checked,,,,checked,,,checked,,checked,checked,,"22-BUS-(1 block),14-BUS-(3 blocks),30-BUS-(3 blocks)",
Aliveness Project,8/30/2023 12:25pm,King Field,"3808 Nicollet Ave, Minneapolis, MN 55409",44.9338587,-93.2783842,"Donations are accepted year round: 
Monday, Wednesday, and Friday from 11:00am-3:00pm.

Anyone living with HIV is warmly welcomed to become a member of The Aliveness Project at no cost. Member benefits include meal programs, mental health support, nutrition therapy, housing support and case management, activities and more.  Apply online: https://aliveness.org/member-services/#member-benefits  

Free HIV tests: call (612) 822-7946 to schedule
Monday-Friday: 9 am– 3:30 pm

Hot, dine-in lunch is available:
Monday-Friday: 12:00pm-2:00pm

To-go meals are available whenever the building is open:
Monday-Friday: 9:00am-4:00pm

Food shelf appointments are available for members. Appointments are required (call 612-822-7946 to schedule). 
Monday: 9:00am-4:30pm
Tuesday: 9:00am-4:30pm
Wednesday: 9:00am-4:30pm
Thursday: 9:00am-4:30pm
Friday: 9:00am-3:30pm",no,----,,no,----,,,"Fruits
- Fresh
- Canned (packed in their own juice)
- Dried
- Fruit cups
- 100% fruit juice (not frozen)

Vegetables
- Fresh
- Canned*
- Spaghetti or tomato sauce
- 100% vegetable juice

Grains
- Whole grain/wheat pasta, cereal, tortialls, and crackers
- Oatmeal
- Granola
- Rice cakes
- Quinoa

Protein
- Canned tuna or salmon (in water)
- Canned chicken
- Nuts (almonds, walnuts, cashews)
- Peanut butter and nut butters
- Canned beans*
- Canned stew and chili*

Other
- Seasonings without salt
- Whole leaf herbs
- Olive oil
- Non-stick cooking spray
- Salsa
- Hearty/chunky soup*
- Coffee
- Tea
- Powdered or canned milk
- Ensure or Boost nutritional supplements

Hygiene Items
- Toilet paper
- Facial tissue
- Bath soap
- Shampoo & conditioner
- Deodorant
- Feminine Care items
- Laundry soap
- Bleach
- Toothpaste & toothbrush
- Mouthwash
- Disposable razor
- Hand lotion

*Low sodium or no salt added

Winter Wear (all sizes accepted but men’s sizes are most needed)
- Gloves/Mittens (waterproof)
- Hats
- Scarves
- Socks (wool)

When donating food, please consider low sodium items or sugar free items to comply with our Healthy Foods Policy: https://aliveness.org/wp-content/uploads/2018/03/AP-Healthy-Food-Policy-_updated-3-1-18_.pdf .",,"Yes, find volunteering info at https://aliveness.org/volunteering/",,,,,,,,,,,,,,,,,,,,,,,,,,,,,,,,,,,,,,checked,https://aliveness.org/donate/#donate-form,,,checked,,,,,,,,,,"18-BUS-(1 block),23-BUS-(1 block)",
All God's Children Metro Community Church- Mainline Syringe Exchange,1/4/2023 11:32am,Central,"3100 Park Ave, Minneapolis, MN 55407",44.9463740,-93.2656710,"HIV and Hepatitis C testing, syringes, naloxone, syphilis testing

Mainline is collecting hygiene products, as well as monetary donations for our clients.

Hours (accepting + distributing donations): 
Mondays 2pm - 5pm
Tuesdays 10am - 1pm
No Wednesdays
Thursdays: 2pm - 5pm
Fridays: 10am - 1pm
(This site has constant need and will be active for the foreseeable future)
If you're unable to make it in time please call 651-359-3459. 
Find more information on Facebook: https://www.facebook.com/JustUsHealthMAINLINE/ 
https://www.justushealth.org/mainline 
 
Supplies are limited availability; primary distribution is for established clients.",no,----,,no,----,,,"Deodorant, oral hygiene products (toothbrushes, toothpaste, etc), soap, shampoo/conditioner, lotion, sunscreen, tampons/pads, masks and hand sanitizer. Travel-size items preferred. ",,,,,,,,,,,,,,,,,,,,,,checked,,,,,,,,,,,,,,,,,,,,,,checked,,,checked,,,,,,,"5-BUS-(2 blocks),21-BUS-(2 blocks)",
Anoka County Brotherhood Closet Food Shelf (ACBC) •••By Appointment Only•••,3/6/2023 11:10am,NW Suburbs,"2615 9th Ave S, Anoka, MN 55303",45.2054693,-93.3734986,"Hours for Distribution -APPOINTMENT ONLY-
Make an appointment up to 48 hours in advance at https://acbcfoodshelf.timetap.com/
Monday/Wednesday 10am-3pm
Tuesday 12pm-5pm
Thursday 2pm-7pm
(Closed any day Anoka-Hennepin school district cancels due to weather)

Accepting Donations
Mondays through Thursdays, 9:00am - 3:00pm
or call 763.422.0046 to schedule a drop-off.

Anoka County Brotherhood Council Food Shelf distributes food and clothing. Residents of Anoka, Andover, Champlin, Coon Rapids, Nowthen, and Ramsey may visit once per calendar month. Residents experiencing homelessness may visit once per week instead of once per month. More information is available at https://www.acbcfoodshelf.com/. 

The Outreach Delivery program serves homebound individuals in the community who are unable to go into the community to access groceries. Please contact Jay Carlson to discuss eligibility requirements and program availability.  He can be reached at 763-422-0046 or jay@acbcfoodshelf.org. ",no,----,,no,----,,,"Nonperishable foods
Sheets
Blankets
Comforters
Towels
Washcloths
Curtains
Tents
Sleeping Bags
Canned tuna/chicken
Cereal
Pasta & rice (whole grain preferred)
Peanut butter
Flour, oil, sugar
Condiments, baking ingredients, spices
Personal hygiene items- shampoo, toilet paper, menstrual products, toothbrushes, toothpaste, body soap
Baby food
Baby diapers- in most need of sizes 5 and 6 
Seasonal clothing (beginning June 2021)","Household items, due to capacity","Yes, find volunteering info at https://www.acbcfoodshelf.com/volunteer-2/",,,,,,,,checked,,,,checked,,,,,checked,,,,,,,,,,,,,,,,,,,,,checked,https://www.acbcfoodshelf.com/monetary-donations/,,,checked,,,,,,,checked,,,805-BUS-(1 block),
Youthprise: Arlington Hills Community Center,6/5/2024 7:54pm,Payne-Phalen,"1200 Payne Ave, St Paul, MN 55130",44.9770673,-93.0729606,"Free suppers and snacks for Saint Paul youth (18 and under) at the Arlington Hills Community Center! (https://youthprise.org/nutritionprogram/)

Snack:
Monday-Friday: 3:00-3:30 pm
Hot Supper: 
Monday-Thursday: 5:00-5:30 pm

Through a partnership with Youthprise, free suppers and snacks are available at the Arlington Hills Community Center for youth 18 years of age and under. Schedules are subject to change based on programming needs.",no,----,,no,----,,,,,,,,,,,,,,,,checked,,,,,,,,,,,,,,,,,,,,,,,,,,,,,,,,,,,,checked,,,,,64-BUS-(1 block),
ARTS Us,9/13/2023 11:11am,Union Park,"1221 Marshall Ave, St Paul, MN 55104",44.9492578,-93.1522078,"Free snacks for Saint Paul youth (18 and under) at the Rice Recreation Center!

Monday-Friday: 4:30-5:30pm

Through a partnership with Youthprise, free suppers and snacks are available for youth 18 years of age and under. Schedules are subject to change based on programming needs.",no,----,,no,----,,,,,,,,,,,,,,,,,,,,,,,,,,,,,,,,,,,,,,,,,,,checked,https://www.mightycause.com/organization/Arts-Us,,,,,,,,checked,,,,,21-BUS-(2 blocks),
Food in the Hood: Beacon of Hope Church,11/8/2023 10:42am,Jordan,"2827 Newton Ave North, Minneapolis, MN  55411",45.0094712,-93.3060224,"The food pantry is open for distribution, 
2nd and 4th Thursday: 5pm-7pm.
(note: during November and December holiday season we only host the food program on the 2nd Thursday of the month)

Everyone is welcome, no appointment necessary. Participants are provided with a week's worth of groceries.",no,----,,no,----,,,,,"(as of 3/2023) Yes, find info here: https://www.goodinthehood.org/volunteer/",,,,,,,,,,,,,,,,,,,,,,,,checked,,,,,,,,,,,,,,,,,,,,,,,checked,,,,,"19-BUS-(2 blocks),CLine-BUS-(2 blocks)",
Bridge For Youth - Emergency Shelter and Cooling Shelter,6/7/2023 10:59am,Lowry Hill,"1111 W 22nd St, Minneapolis, MN 55405",44.9607144,-93.2941124,"The Emergency Shelter is open 24/7/365 for youth (ages 10-17)
For immediate help, text: (612) 400-SAFE or Call: (612) 377-8800

The Bridge for Youth centers youth voice, justice, and equity in all we do, and empowers youth experiencing homelessness through safe shelter, basic needs and healthy relationships. Focused on family reunification when safe and possible, Resilience House provides youth (ages 10-17) with emergency shelter, basic needs, case management, access to healthcare and mental health services, and resources and referrals;  and Gloria’s Place provides pregnant/parenting youth (ages 15-17) and their children (ages 0-3) with emergency shelter, basic needs, case management, access to healthcare and mental health services, and resources and referrals.

Weekly support groups:  So What If I Am (LGBTQ+ youth), Resilient Workshop.  More info at bridgeforyouth.org/outreach-and-support/ 

On bus routes 2, 6, 12, 17, 114",no,----,,no,----,,,"The Bridge for Youth has a Target wish list here: https://www.target.com/gift-registry/giftgiver?registryId=b64931ad711e44db86dbae2f06a52dbb&lnk=registry_custom_url 

Amazon wish list here: https://www.amazon.com/hz/wishlist/ls/2J8LZ6ZO3LQHP/ 

Some current items: diapers, formula (sensitive), hair care products, art supplies, games, tents, sleeping bags.

More lists and details here: https://bridgeforyouth.org/donate/ ","Used clothing, furniture or bedding of any kind.",Yes! Learn more here: https://bridgeforyouth.org/volunteer/,,,,,,,,,,,checked,,,,,,,,,,,,,,,,,,,,,,,,,,,checked,https://bridgeforyouth.org/donate/,,,,,,,checked,,,,,,"6-BUS-(2 blocks),2-BUS-(2 blocks),17-BUS-(3 blocks),114-BUS-(2 blocks)",
C-Spot Neighborhood Pantry (Corcoran Neighborhood Organization),4/3/2024 11:28pm,Corcoran,"3451 Cedar Ave S, Minneapolis, MN 55407",44.9396699,-93.2470588,"Both receiving donations and distributing donations 
Tuesday/Wednesday: 12-3pm
Thursday: 12-4pm

Friday: Appointment only

at the CNO Office or call/text director Alicia Smith to arrange an alternate drop-off time at 612-719-4006",no,----,,no,----,,all donations- the need continues to be great,"water, gatorade, cooking oil, granola bars, fruit snacks (for kids), cereal, pasta noodles (not macaroni), diapers (size 4, 5, 6), baby wipes, bath soap, household cleaning items, personal hygiene items (men & women), laundry detergent, dryer sheets, paper towels, toothpaste, dental floss, toilet paper",,,,,,,,,,,,,,,,,,,,,,,,,,,,,,,,,,,,,,,,,,,,,,,,,checked,,,,,22-BUS-(1 block),
The Link CORE Youth Drop-in Center,4/6/2022 7:25pm,SW Suburbs,"7800 W County Road 42, Apple Valley, MN 55124",44.7318397,-93.2024369,"C.O.R.E Drop-in Center provides a place where youth (ages 16-24) who are at-risk of or are currently experiencing homelessness can get help with basic needs (food, clothes, shower, laundry, etc.). *Must have a connection to Dakota County!

Drop in without an appointment:
Monday - Friday: 2:00pm-5:00pm

Some of the services and programming available at C.O.R.E. include:
-Assistance with benefits and public assistance applications
-Transportation assistance
-Meals
-Referrals and access to shelter and housing
-Hygiene kits and other basic needs
-Laundry and showers
-Use of phone number and mailing address for a job 

The Link is the youth provider of Coordinated Entry for Dakota County. We have a staff member that is housed out of C.O.R.E. that works in partnership with Dakota County to conduct youth coordinated entry. Mobile assessments and on-going support throughout the coordinated entry process are provided through The Link’s youth coordinated entry staff and C.O.R.E. Drop-In Center staff.",no,----,,no,----,,"(as of 4/6) 
Amazon Wishlist:
https://www.amazon.com/hz/wishlist/ls/1AZXC20S40L58",,,,,,,,,,checked,,,,checked,,,,,checked,,,,,,,,,,,,,,,,,,,,,,,,,,,,,,,checked,,,,,420-BUS-(2 blocks),
CAER Food Shelf,8/24/2022 12:11pm,NW Suburbs,"12621 Elk Lake Rd NW, Elk River, MN 55330",45.3206796,-93.5890210,"Accepting Donations at Door C at the back of the building:
Monday 9am-3pm
Wednesday 9am-3pm
Thursday 12pm-5pm
Friday 9am-3pm
When arriving, please go to the door in the back of the building and ring the bell. Call 763-441-1020 for donation times available outside of regular business hours.

Distributing: 
Monday/Wednesday 10am-1:30pm
Thursday 4:30pm-6pm
Friday ​10am-12pm

In addition to regular offering, Kids Weekend CAER Packages distributed on Thursdays and Fridays during 2021-2022 school year. Available for families with school age children (K-12)

No identification required or proof of address required, but a name and address will be asked for.

Assistance available for minor car repairs and tires - info here: https://www.caerfoodshelf.org/car-caer
Emergency financial assistance info here: https://www.caerfoodshelf.org/financial-assistance",no,----,,no,----,,,"Pasta, instant rice, canned potatoes, canned pineapple, dried split peas, dried red beans, pasta/rice sides, grape juice (shelf stable), canned meat, soy/almond milk, milk, cereal, instant oatmeal, coffee/tea, peanut butter (chunky)

https://www.caerfoodshelf.org/food-shelf-donations",frozen or refrigerated grocery items,"Yes, individuals over 18 (youth & volunteer groups are still paused). More info here: https://www.caerfoodshelf.org/individual",,,,,,,,,,checked,checked,,,,,,checked,,,,,,,,,checked,checked,,,,,,,,,,,,,,,,,,,,checked,,,,,,
Calvary Food Shelf •••By Appointment Only••• ,4/10/2024 10:45pm,Bancroft,"3901 Chicago Ave, Minneapolis, MN 55407",44.9320410,-93.2620770,"Distributing BY APPOINTMENT on Wednesdays from 11:00am-3:00pm, and Saturdays 9:00am-1:00pm. 

No appointments are currently available. To join the waitlist, fill out the form here: https://docs.google.com/forms/d/e/1FAIpQLScJkhNAvwyELq8k-u6dOwkpEktTzuS49LFTUlzlFB9HjGA-Aw/viewform

Questions? Call or text 612-285-3876.

More information at calvaryfoodshelf.org",no,----,,no,----,,,"Financial support is the best way to contribute. If you're interested in donating food, get in touch: foodshelf@clchurch.org",,"Yes! sign up and information here: https://www.signupgenius.com/go/9040549aea722aaf85-calvary 

Especially looking for a volunteer to learn our help with answering phones at certain times of the week and responding to voicemails and texts.  Can be done remotely. Must be able to use Spanish and English on the phone.",,,,,,,,,,,,,,,,,,,,,,,,,,checked,checked,,,,,,,,,,,checked,https://www.clchurch.org/,,,,,,,,checked,,checked,,,5-BUS-(3 blocks),
Camden Collective/Salem Lutheran Church,7/7/2023 10:57pm,Webber-Camden,"4150 N Dupont Ave, Minneapolis, MN 55412",45.0312883,-93.2929778,"Hot dinners are served curbside every 
Tuesday 6:00 - 7:00 pm

Weekly Food Share
Saturdays: 1pm - 3pm

- Client-choice, walk-up line.
- Outside when the weather allows.
- Fresh fruit, vegetables, dairy, and meat choices.
- Spanish language support available.

Walk-ups welcome. Please wear a mask.
Everyone is welcome.

No ID required, but there will be a line as they can only allow a certain number of people in the donation area at a time. 
Call 612-521-3644 for more information, or look for future programming and events to be posted on the Facebook page:
https://www.facebook.com/CamdenCollective/

The after school program is currently paused due to space limitations.",no,----,,no,----,,,,,"(as of 12/2022)
Yes! 
Every Thursday midday to unload food delivery truck.
Delivery time varies between 11-1; we know two days before.
Sign Up: https://www.signupgenius.com/go/10c0c45acad2aa5f4cf8-2023#/ 

Learning center volunteers: https://thecamdencollective.org/learning-center/#join",,,,,,,,,,,,,,,,,,,,,,,,,,,,,,,,,,,,,,checked,https://thecamdencollective.org/donate/,,,,,,,,checked,,,,,"5-BUS-(2 blocks),721 Ltd Stop-BUS-(2 blocks)",
Camden Promise / Gethsemane Lutheran Church,11/26/2023 10:56am,Lind-Bohanon,"4656 Colfax Ave N, Minneapolis, MN 55412",45.0400769,-93.2923811,"Donation Receiving hours:
Monday - Saturday: 10:00am-12:00pm

Grocery box Distributing hours:
Monday - Saturday: 12:00pm-2:30pm

Closed Sundays.

Stop by the corner of 47th & Colfax to get a meal and box of groceries to take home for you and your family. Everyone in our community is welcome! 

All food distributions last until supplies are gone.

Website: http://www.thecamdenpromise.org/",no,----,,no,----,,,"(as of 8/8) Food (hamburgers, brats, buns, single serving juice, single serving chips, nonperishable food supplies), baby supplies (baby wipes, diapers in larger sizes), cleaning supplies, toilet paper, hair care products for textured hair, menstrual products. ",,"(as of 12/2023)
Yes, for food programming every Monday through Saturday: glcmpls.org/volunteering.html ",,,,,,,,,,,,,,,,,,,,,,,,,,,,,,,,,,,,,,checked,https://www.amothersloveinitiative.org/donate,,,,checked,checked,,,checked,,,,,22-BUS-(1 block),
Campus Cupboard at Augsburg College,5/17/2023 12:22pm,Cedar Riverside,"2211 Riverside Ave, Minneapolis, MN 55454",44.9668218,-93.2417957,"Campus Cupboard In-Person Shopping in Anderson 26. The most accessible entrance is the 2016 S. 8th St entrance.
Summer 2023 Hours:
Monday 12-4 pm
Tuesday 2-6 pm
Wednesday 2-6 pm
Appointments on request 

Campus Kitchen hosts cooking workshops in the Food Lab (Hagfors 108) almost every week. Email campuskitchen@augsburg.edu to get added to the Food Lab email list and learn about upcoming events.

Students who live off campus:
If you can’t make it to campus for in-person shopping, email campuskitchen@augsburg.edu to sign up for an off-campus grocery delivery.

Learn more:
https://sites.augsburg.edu/foodshelf/ 
https://www.augsburg.edu/campuskitchen/  

Email jacobsn@augsburg.edu with questions.  Please contact Natalie Jacobson at 773-706-0641 (text preferred) to donate by appointment only. If you can’t make it to campus for in-person shopping, email campuskitchen@augsburg.edu to sign up for an off-campus grocery delivery.",no,----,,no,----,,,"(as of 9/7) Ramen (all flavors), pasta (spaghetti preferred), rice, canned beans, single serve mac and cheese (cups), personal care items (e.g. lotion, shampoo, mouthwash, toothpaste), honey, oils, trail mix, fufu flour, spices, salt and pepper, soy sauce, snacks (e.g. Goldfish), paper grocery bags
 
Campus Cupboard gladly accepts monetary donations. To support us during this time, donate through Augsburg’s general donation page. ***Make sure to designate your donation to Other>Campus Kitchen.***

https://advancement.augsburg.edu/donations/general-donation 
",,,,,,,,,,checked,,,,,,,,,,,,,,,,,,,,,,,,,,,,,,checked,https://advancement.augsburg.edu/donations/general-donation ,,,checked,,,,,checked,,,,,"2-BUS-(1 block),7-BUS-(1 block)",
CAPI,1/28/2024 4:28am,NW Suburbs,"5930 Brooklyn Blvd, Brooklyn Center, MN",45.0633527,-93.3248943,"Food shelf open to Hennepin County residents: 
Tuesday: 1pm - 4pm
Wednesday & Thursday: 9am - 12pm and 1pm - 4pm. 

Fresh produce distribution
2nd. & 4th Thursdays of the month: 1pm* - 3pm, or until supplies are gone. *Numbers handed out at 12:30pm

Accepting hours:
Mon - Thurs, 9am - 4pm
Please park in front of the food shelf and a staff member or volunteer will greet you at the door to collect items; no appointment needed

CAPI is no longer providing curbside pickup. Those visiting the food shelf may come inside and choose their own items. Call 612-756-8958 or email our Intake Coordinator to schedule an appointment to enroll or re-enroll in the food shelf program. Those in need of emergency assistance may come pick up items once every six months.

Eligibility Guidelines:
Resident of Hennepin County
300% or below the Federal Poverty Guidelines",no,----,,no,----,,,"Non-perishable food items and groceries

Financial Donations accepted by visiting https://www.capiusa.org/donate/",,"Yes, for the food shelf and occasionally other opportunities. Details: https://www.capiusa.org/get-involved/volunteer/",,,,,,,,,,,,,,,,,,,,,,,,,,,,,,,,,,,,,,checked,https://www.capiusa.org/donate/,,,,,,,,checked,,,,,723-BUS-(2 blocks),
The Mary F. Frey Minneapolis Opportunity Center,3/22/2023 10:40am,Elliot Park,"740 E 17th St, Minneapolis, MN 55404",44.9665304,-93.2627872,"Monday-Friday 7:00 am- 3:00 pm
Saturday 7:00 am- 1:00 pm

We offer daytime resources connecting people with medical and mental health care, breakfast (7:00am-8:00 am) and lunch (11:20am-12:20pm), showers, internet access, laundry and employment counseling.

Additional services include counseling services, employment assistance: job search, resumes, one-on-one support and access to job skills training, screening for county benefits, shelter, mental health services, medical and other programs, legal assistance, ID and birth certificate access, SNAP and MNSure enrollment assistance, foot care, haircuts, lockers, voicemail, mail.

Call for more information: (612) 204-8300 or go to https://www.cctwincities.org/locations/opportunity-center/  ",no,----,,no,----,,,,,Find volunteering info at  https://www.cctwincities.org/volunteer/volunteer-opportunities/,,,checked,,,,,,,,,,,,,,,,,,checked,,,,checked,,,,,,,,,,,,,checked, https://www.cctwincities.org/donate/donate-now/,,,,,,,,,,,,,"5-BUS-(1 block),9-BUS-(1 block)",checked
Food in the Hood: Cedar Valley Church,11/8/2023 10:43am,SW Suburbs,"8600 Bloomington Ave S, Bloomington, MN 55425",44.8459645,-93.2541196,"The food pantry is open for distribution the 
1st and 3rd Tuesday of each month: 5pm-7pm.

Everyone is welcome, no appointment necessary. Participants are provided with a week's worth of groceries.",no,----,,no,----,,,,,"(as of 3/2023) Yes, find info here: https://www.goodinthehood.org/volunteer/",,,,,,,,,,,,,,,,,,,,,,,,,,,,,,,,,,,,,,,,,,,,,,,checked,,,,,538-BUS-(1 block),
Centennial Community Food Shelf,3/1/2023 9:28pm,North Suburbs,"200 Civic Heights Cir, Circle Pines, MN 55014",45.1437666,-93.1549175,"Food distribution hours are:
Monday and Thursday 4pm-6pm. 
No appointment needed; clients can visit twice a month (but be aware that this will soon return to once a month). No ID required, but some household information will be collected for reporting to Second Harvest.

Donations can be given at food shelf by appointment. Due to COVID constraints, you must call (763-784-2013) to make an appointment to donate food items. 

More information is available at http://www.centennialfoodshelf.org/.

Eligible families or individuals will receive a cart of groceries including fresh dairy, meat, some fruits and vegetables; cereal, bread, canned items, pasta, meal preparation items, and often hygiene and household items. ",no,----,,no,----,,,"Food donations:
Baking supplies (sugar, flour, Bisquick), boxed potatoes or stuffing, cake mixes/frosting, canned meat, chicken/chili/stew, cereal - hot and cold, chips/snacks, coffee/tea, crackers/cookies, fruit - canned, fruit juice, Jell-O/pudding, ketchup/condiments/BBQ Sauce, jelly/jam (store purchased only), pasta sides/canned ravioli/SpaghettiOs,
etc.; peanut butter, rice - plain white and brown, salad dressing/mayonnaise, soup - Hearty Campbell’s and Progresso; spaghetti sauce, syrup/pancake mix, tomatoes -diced, Manwich, sauce, pasta, vegetables - canned

Packaging donations:
Birthday bags, paper bags (recycled, in good condition), plastic bags (recycled, in good condition)

Personal hygiene products:
Hand and bath soaps/Purell, shampoo/conditioner, antiperspirant/deodorant, baby wipes/diapers

Cleaning Products:
Laundry soap/detergent, dish soap, paper products (paper towels, toilet
paper, facial tissues)",,(as of 03/2023) Yes - info here: http://www.centennialfoodshelf.org/volunteer.html,,,,,,,,,,,,,,,,,,,,,,,,,,,,,,,,,,,,,,checked,http://www.centennialfoodshelf.org/donations.html,,,checked,,,,,checked,checked,,,,,
Chester Creek Chiropractic - Cloth Diaper Drive,3/6/2023 10:09am,East St. Paul,"1324 E 4th St, Duluth, Minnesota 55805",46.8025994,-92.0852149,"Hours for accepting cloth diapers and supplies for the MN Cloth Diaper Bank ( https://www.mnclothdiaperbank.org ): 

Monday: 8:30am-1:00pm & 2:00pm-5:30pm
Tuesday: 8:30am-1:00pm
Wednesday: 8:30am-1:00pm & 2:00pm-5:30pm
Thursday: 8:30am-1:00pm & 2:00pm-5:30pm
Friday: 8:30am-1:00pm",no,----,,no,----,,,"Cloth Diaper Supply donations can include: clean, good functioning cloth diapers (flats, covers, pockets, AIO, etc), trainers, snappis, wipes, wet bags, pail liners, other supplies to support cloth families!",Only accepting cloth diaper related items,,,,,,,,,,,,,checked,,,,,,,,,,,,,,,,,,,,,,,,,,checked,https://www.mnclothdiaperbank.org/donate-5,,,,,,,,,,,,,"23-BUS-(1 block),13-BUS-(2 blocks)",
Child and Family Chiropractic - Cloth Diaper Drive,6/16/2022 7:18pm,SW Suburbs,"8120 Penn Ave S #245, Bloomington, MN 55431",44.8560639,-93.3106049,"Hours for accepting donations:
Monday, Wednesday, Thursday: 9:00am - 6:00pm
Tuesday 2:00pm - 6:00pm
Friday: 9:00am - 2:00pm

Donations are accepted during Child and Family Chiropractic's business hours.",no,----,,no,----,,,"Cloth Diaper Supply donations can include: clean, good functioning cloth diapers (flats, covers, pockets, AIO, etc), trainers, snappis, wipes, wet bags, pail liners, other supplies to support cloth families!",Only accepting cloth diaper related items,,,,,,,,,,,,,checked,,,,,,,,,,,,,,,,,,,,,,,,,,checked,https://www.mnclothdiaperbank.org/donate-5,,,,,,,,,,,,,539-BUS-(2 blocks),
Open Cupboard (formerly CCEFS) / Today's Harvest,8/28/2023 9:56pm,East Suburbs,"8264 4th Street North, Oakdale, MN 55128",44.9504915,-92.9394102,"CLOSED Monday, September 4th for Labor Day.
-----

Today's Harvest free market
Monday-Friday: 10:30am - 6pm
Saturday: 10:30am - 2:30pm

Today's Harvest is a free market that provides fresh produce, meat, dairy, and bakery items we rescue each day from local grocery stores, farms, and other partners. You are welcome to visit Today’s Harvest once a day.

You will not need to provide any documentation to receive food. We will ask for your household size and zip code. You can choose to provide your phone number to make your next trip easier. All information will be confidential.

More information on Today's Harvest Market: https://todaysharvestmn.org/ 

• Drive-up Service available Thursdays and Fridays.
• Delivery to those in Washington and Ramsey Counties Monday, Tuesday, and Wednesday.
• Mobile Food Shelf delivers to seven senior living facilities and Landfall Mobile Home Park.

More information on all Open Cupboard programs: https://opencupboard.org/about-us/our-programs/ 

Donations accepted*:
Mondays: 8am-6pm
Tuesdays/Wednesdays: 9am-6pm
Wednesdays: 10am-6pm
Thursdays: 10am-2pm
Fridays: 8am-10am, 2pm-6pm
https://opencupboard.org/donations/donation-hours/ 

Donation Notes
To drop off donations, head to the back of our building and ring the doorbell.

Please do not leave bags or boxes of food outside our door – the squirrels might get to them before we do.

* Garden/Farm (Today's Harvest) Donation encouraged to come within the following hours to allow for any extra processing time:
Mondays: 8:30 am-4:00 pm
Tuesdays: 10:00 am-3:00 pm
Wednesdays: 9:00 am-1:30 pm
Thursdays: 9:00 am-6:00 pm
Fridays: 8:30 am-1:30 pm",no,----,,no,----,,,"(as of 5/2023)
Financial donations: https://opencupboard.org/donations/financial-donations/ 

Food: https://opencupboard.org/donations/donate-food/ 
Below is a list of items that are not always available from food banks and are our current most needed items:

• Fruits and Veggies: fresh from the garden produce, and low sodium/low sugar canned fruits and veggies
• Grains: oatmeal–packets and large containers, gluten free items, and pasta like penne, rigatoni
• Cooking: spices, olive oil, coconut oil, cooking oil, baking powder, baking soda, brown sugar, Worcestershire sauce, barbecue sauce, salad dressing, fish sauce, oyster sauce, sesame oil, boxed milk–shelf stable milk, milk alternatives, evaporated milk, and sweetened condensed milk
• Misc. Food: coffee, tea, soups like Progresso and Chunky Campbells (Hearty pop-top style soups), and microwaveable meals–soups, ravioli, chili, lentils
• Personal Care: Baby diapers (Newborn-Size 6), Pull-Ups (2T-5T), adult diapers, incontinence pads, baby wipes, pads and tampons, shampoo, and body wash
• Household Items: Ziplocks and other resealable bags, laundry detergent, dish soap, cleaning spray, paper towels, toilet paper and napkins
• Misc. Other: dog and cat treats, and paper bags from grocery stores (not lunch bags)","(as of 5/2023) 
Refrigerated or frozen items
Open containers of food
Bread
Expired foods
Feeding tube supplies
Plastic grocery bags
","(as of 1/2023) Yes, find volunteering info here: https://opencupboard.org/volunteers/",,,,,,,,checked,,,,,,,,,,,,,,,,,,checked,checked,checked,,,,checked,checked,,,,,checked,https://4agc.com/donation_pages/a79ddf42-414a-4931-b056-2749d99240e5,,,,checked,,,,checked,,,,,,
Clinic 555,8/16/2023 11:52am,Lowertown,"555 Cedar Street, Saint Paul, MN 55101",44.9506989,-93.0982894,"Anonymous syringe exchange / needle exchange and disposal, Naloxone / Narcan, HIV testing, Hepatitis C testing, Hepatitis A vaccination, syphilis testing, covid vaccination, and connection to community resources.

Monday: 1 pm - 4:30pm
Tuesday: 1 pm - 6:30pm
Wednesday: 1 pm - 4:30pm
Thursday: 1 pm - 6:30pm
Friday: 10 am- 1 pm

Walk-ins are okay. Located in Saint Paul - Ramsey County Public Health Center, enter through door 3.
https://www.ramseycounty.us/residents/health-medical/clinics-services/sexual-reproductive-health/syringe-exchange ",no,----,,no,----,,,,,,,,,,,,,,,,,,,,,,,checked,,,,,,,,,,,,,,,,,,,,,,,,,,,,,checked,,,,,"Green-GREENLINE-(1 block),3-BUS-(2 blocks),16-BUS-(2 blocks),62-BUS-(2 blocks),67-BUS-(2 blocks),75-BUS-(2 blocks)",
CLUES Minneapolis-Canasta Familiar,11/1/2023 10:04pm,Phillips West,"777 East Lake Street, Minneapolis, MN 55407 ",44.9482469,-93.2630367,"Miércoles / Wednesdays: 2pm - 5pm 

Canasta Familiar will distribute free food every Wednesday at CLUES Minneapolis from 2 pm to 5 pm; no registration is necessary. Food will be distributed on a first-come, first-served basis and while supplies last. 
Traffic guidelines: https://clues.org/wp-content/uploads/2020/10/CANASTA-FAMILIAR-Winter-Food-Distribution-Update_ENG-SPAN.pdf

The Canasta Familiar is a free food distribution program that includes fruits, vegetables, and other fresh groceries. Foods may vary according to availability. 

Remember that if you are sick or someone in your family is sick, please refrain from coming to Canasta. You can send someone on your behalf to pick up your food. It is important to wear a mask and keep all 6 feet away to help reduce the spread of the Coronavirus.",no,----,,no,----,,,Financial donations: https://clues.org/get-involved/donate/,,"Yes, please sign up here:  https://clues.org/get-involved/volunteer-at-clues/",,,,,,,,,,,,,,,,,,,,,,,,,,,,,,,,checked,,,,,,checked,https://clues.org/get-involved/donate/,,,,checked,,,,,,,,,"21-BUS-(2 blocks),5-BUS-(3 blocks)",
CLUES St. Paul-Canasta Familiar,11/1/2023 10:03pm,Frogtown,"771 Margaret Street, St. Paul, MN 55106",44.9620700,-93.0685700,"Lunes / Mondays 3pm - 5pm

Canasta Familiar will now distribute free food every Monday at CLUES St. Paul from 3pm to 5pm; no registration is necessary. Food will be distributed on a first-come, first-served basis and while supplies last. 
Traffic guidelines: https://clues.org/wp-content/uploads/2020/10/CANASTA-FAMILIAR-Winter-Food-Distribution-Update_ENG-SPAN.pdf

The Canasta Familiar is a free food distribution program that includes fruits, vegetables, and other fresh groceries. Foods may vary according to availability. 

Remember that if you are sick or someone in your family is sick, please refrain from coming to Canasta. You can send someone on your behalf to pick up your food. It is important to wear a mask and keep all 6 feet away to help reduce the spread of the Coronavirus.

Conforme pasa la primavera, COVID-19 sigue siendo una preocupación, nosotros en Comunidades Latinas Unidas En Servicio - CLUES Canasta Familiar, queremos seguir proporcionando acceso a alimentos saludables y culturalmente apropiados a nuestros participantes latinos y a la comunidad local; mientras aseguramos el bienestar y la seguridad de nuestros vecinos, voluntarios y la comunidad.
Hemos cambiado nuestro modelo de distribución de alimentos de CLUES St. Paul al formato Drive-Thru el cual se lleva a cabo en nuestro estacionamiento. Estos cambios mejorarán el flujo de tráfico, eliminarán las molestias e interrupciones a nuestros vecinos, y resolverán los problemas de las inclemencias del tiempo.
Más info: https://bit.ly/3e9qL0N",no,----,,no,----,,,Financial donations: https://clues.org/get-involved/donate/,,,,,,,,,,,,,,,,,,,,,,,,,,,,,,,,,,checked,,,,,,checked,https://clues.org/get-involved/donate/,,,,checked,,,,,,,,,"61-BUS-(2 blocks),74-BUS-(2 blocks)",
Community Aid Network MN (CANMN),6/14/2024 5:48pm,Bancroft,"4120 17th Ave S, Minneapolis, MN 55407",44.9283214,-93.2503523,"Accepting donations: 
Mondays 12pm - 2pm 
Thursdays 5pm - 7pm

Distribution: 
Mondays 12pm - 2pm 
Thursdays 5pm - 7pm

Delivery available on Saturdays (with appointments requested the Sunday before). Fill out the request form here: https://canmn.vercel.app/

If you are donating a large number of perishable items or need to drop off at a time outside of our normal drop-off hours, please contact us at communityaidnetworkmn@gmail.com. 

Instagram: https://www.instagram.com/communityaidnetworkmn/ 
Website: https://www.canmn.org/ 

CANMN is a project started by folks from Pimento Community Relief, The People's Library, and Provision Community Restaurant! ",no,----,,no,----,,"(as of 18 May 2024)
These are things we can literally never have too much of:
• Diapers! Sizes 1-7, T2-T4
• Baby wipes
• Liquid dish soap
• Laundry detergent pods or small liquid detergents
• Shampoo
• Conditioner
• Toilet Paper
• Flour
• Cooking oil
• Pads","(as of 18 May 2024)
Food:
Fresh vegetables, fresh fruit, eggs, milk, butter, cheese, bread, pastries, tortillas, frozen & unfrozen meat, frozen vegetables, frozen meals, canned goods (soups, vegetables, beans, fruit, milk), pasta, pasta sauce, rice, peanut butter, snacks (cookies, granola bars, crackers, chips), flour, sugar, cooking oil, coffee, tea, juice

Note: When possible, please drop off perishables on Mondays only so that they can be distributed by their best by date.

Baby supplies:
Diapers (sizes N-7, 2T-5T), baby wipes, diaper rash ointment, baby lotion, infant formula, baby food.

Personal care items:
Hand soap, body soap, shampoo, conditioner, pads, incontinence underwear, condoms, shaving cream, razors, deodorant, lotion, toothpaste, toothbrushes.

Household supplies:
Dish soap (liquid only), laundry detergent (pods or liquid travel size), all-purpose cleaner (wipes, spray, liquid), toilet paper (preferably either individually wrapped or in packs of 4 or less), paper towels (preferably either individually wrapped or in packs of 2), tissue boxes

First Aid:
Masks, pain medication, band-aids, hand sanitizer, antibiotic ointment, seasonal medication (cold, cough, allergy), children’s medicine, first-aid kits.

Operational supplies:
Ziploc bags (sandwich & quart), disposable masks, disinfectant wipes, hand sanitizer, disposable gloves (sizes medium, large & xl), paper grocery bags (with handles!), plastic bags 

https://www.canmn.org/donate-supplies",,"(as of 18 May 20243) Yes, for distribution help on Mondays from 11:30am - 2pm and Thursdays 4:30pm - 7:30pm, and delivery driving on Saturdays. 

Learn More: https://www.canmn.org/volunteer 

Sign up here: https://calendly.com/communityaidnetworkmn-1",,,,,,,,,,,,,,,,,,,,,,,,,,,,,,,,,,,,,,checked,https://www.canmn.org/donate,,,,,checked,,,checked,,,,,"14-BUS-(2 blocks),46-BUS-(3 blocks)",
Community Covenant Church,1/18/2024 12:45am,Near North,"901 N Humboldt Ave, Minneapolis, MN 55411",44.9873860,-93.2989250,"Food shelf every 
3rd Wednesday of every month: 12pm - 1:30pm. 

Supplies go to community on need-by-need basis.",no,----,,no,----,,,Financial donations: https://www.covchurchgiving.com/c-198-community-covenant-church-minneapolis-mn.aspx#ways-donate,,,,,,,,,,,,,,,,,,,,,,,,,,,,,,,,,,,,,,,,checked,https://www.covchurchgiving.com/c-198-community-covenant-church-minneapolis-mn.aspx#ways-donate,,,,,,,,,,,,,7-BUS-(3 blocks),
Community Emergency Service (CES) ,4/14/2024 11:35pm,Ventura Village,"1900 11th Ave S, Minneapolis, MN 55404",44.9637369,-93.2585256,"Monday, 1pm-4pm [Appointment only]
Tuesday, 1pm-4pm [Appointment only]
Wednesday, 1pm-6pm [Appointment only]
Friday, 1pm-3pm [First-come, first served] 

You may visit the food shelf 1 time per month. 
Learn more: https://cesmn.org/visit-the-food-shelf/

Home delivery is designed for our neighbors in the Phillips area who are low income and unable to physically visit the food pantry. Food is delivered free of charge, once a month.
For more info, call 612-870-1125 or email us: CES@cesmn.org

Donations accepted M-F 9am – 12pm. Please use the call box to the left of the front glass doors and someone will assist you.

For donations of 20 or more grocery bags, we ask that you set-up a drop-off appointment by calling 612-870-1125 or by emailing our Reception Coordinator, Alyssa Martinson, at amartinson@cesmn.org.

If you are not feeling well or just prefer curbside pickup, please call 612-870-1125 to place your order over the phone and set an appointment for pick-up.

Financial donations support Food Shelf, Meals on Wheels, Home Delivery, Ani-Meals and can be made here https://cesmn.org/donate-money/",no,----,,no,----,,"High-need items: 
– Pasta Sauce
– Meat Chilis and Beef Stews
– Ramen Noodles (Chicken Flavor)
– Cereal
– Instant Oatmeal
– Honey
– Snack Crackers
– Hearty/Chunky Soups
– Peanut Butter
– Shelf-stable Coconut and Almond Milk ","Food Items:
– Cooking oils: vegetable, olive
– Sugar (2 lb bags)
– Flour (2 lb bags)
– Ground Coffee (small bags)
– Regular Black Tea
– White Rice
– Applesauce
– Canned Peas and Canned Carrots
– Canned Tuna and Sardines
– Peanut Butter
– Sliced Bread
– Spices: Salt, Pepper, Garlic Powder, Onion Powder, Chilli Powder, Cumin, Turmeric, Ginger, Curry Powder
– Dry Lentils
– Dry Black Beans
– Dry Black-Eyed Peas
– Dry Great Northern Beans
– Diced Tomatoes (plain)
– Canned Hominy
– Maseca Flour
– Fish Sauce
– Rice Noodles

Hygiene and household items:
Laundry detergent (smaller bottles or laundry pods)
Dish soap
Shampoo and Conditioner (gender-neutral scents preferred)
Body Wash and Soaps (unscented, mild or gender-neutral scents preferred)
Hair oils and creams for textured, curly, and natural hair types
Maxi-Pads
Toothpaste and Toothbrushes
Paper Towels
Kleenex
Toilet Paper
Deodorant
Shave cream and razors

Pet Needs: 
Pet food for dogs or cats, cat litter","We do not accept:
Extra-large or bulk-sized food
Perishable items such as meat, eggs, dairy, frozen meals, or deli foods
Opened packages, partially used food items, expired foods, homemade foods or baked goods",Yes. Find volunteering info at https://cesmn.org/volunteer/,,,,,,,,,,,,,,,,,,,,,,,,,,,,,,,,,,,,,,checked,https://cesmn.org/donate-money/,,checked,,checked,,,,checked,checked,,,,"14-BUS-(1 block),2-BUS-(2 blocks),9-BUS-(2 blocks)",
COVID Testing/Vaccines: Southside Community Health Services ,7/12/2023 10:53am,Central,"324 E 35th St, Minneapolis, MN 55408",44.9400780,-93.2711230,"Southside Clinic is on the front lines delivering vaccines and boosters to our community
Appointments Fridays 8 am-4:30 pm
Walk-ins welcome Monday-Friday 8 am-4 pm

We are currently administering Moderna and Pfizer to patients 6 months and older. Wear a mask, and don't forget to bring your vaccine card when you come in for a booster appointment!

Same-day COVID testing can be done for health care workers, first responders and essential workers. Call 612-827-7181 to schedule an appointment. The COVID-19 test is free, and you do not need insurance for the test.",no,----,,no,----,,,,,,,,,checked,,,,,,,,,,,,,,,,,,,,,,,,,,,,,,,,,,,,,,,,,,,,,,,,"18-BUS-(3 blocks),11-BUS-(1 block)",
Delightful Chiropractic - Cloth Diaper Drive,6/16/2022 7:18pm,SW Suburbs,"4201 Dean Lakes Blvd #140, Shakopee, MN 55379",44.7803363,-93.4660082,"Donations are accepted at this site during Delightful Chiropractic's business hours.

Accepting donations:
Monday - Thursday: 9:00am-6:30pm
Friday - Sunday: Closed",no,----,,no,----,,,"Cloth Diaper Supply donations can include: clean, good functioning cloth diapers (flats, covers, pockets, AIO, etc), trainers, snappis, wipes, wet bags, pail liners, other supplies to support cloth families!",Only accepting cloth diaper related items,,,,,,,,,,,,,checked,,,,,,,,,,,,,,,,,,,,,,,,,,checked,https://www.mnclothdiaperbank.org/donate-5,,,,,,,,,,,,,499-BUS-(2 blocks),
Department of Indian Work Food Shelf (different from the Division of Indian Work),7/20/2022 10:26am,Northeast Suburbs,"3080 Centerville Rd, Little Canada, MN 55117",45.0409427,-93.0886809,"Open boundaries food shelf with healthy choices and referrals to other community-based resources and services with a focus on American Indian families, but all are welcome! Offering Fresh Fruits and vegetables, meat, pasta, cereal, culturally appropriate foods, diapers, and more.

Food Shelf Hours:
Monday: 1:00 – 6:00 pm
Tuesday: 9:30 am – 2:30 pm
Wednesday: 9:30 am – 2:30 pm
Thursday: 9:30 am – 2:30 pm
Friday: Closed

Donation Hours:
The same as food shelf hours, masks required inside of the building

Deliveries are offered, but please allow up to 48 business hours (delivery may not be available in all areas.)
Place your order online: https://bit.ly/36NvvH3

New client intake forms can be found here:
https://interfaithaction.org/what-we-do/diw/emergency-services/
To arrange a no-contact donation drop-off, contact Theresa: thalvorson-lee@interfaithaction.org
",no,----,,no,----,,"Healthy snacks, Paper Bags and food easily prepared for unhoused","Nonperishable unopened, unexpired food donations, all sizes of clean, unripped, non-torn or stained Hanger ready clothing for our FREE clothing closet!

Monetary donations: https://secure.givelively.org/donate/interfaith-action-of-greater-saint-paul/department-of-indian-work ","Household items, furniture, and expired foods","Yes, sign up here: https://interfaithaction.org/get-involved/volunteer/diw_volunteer-application/ or contact the Emergency Services Coordinator, Theresa at 651-789-3864",,,,,,,,checked,,,,,,,,,checked,,,,,,,checked,,,checked,,,,,,,,,,,checked,https://interfaithaction.org/donate/,,,checked,,checked,,,checked,,,,,"84-BUS-(2 blocks),63-BUS-(2 blocks)",
Division of Indian Work,7/19/2023 12:27pm,Powderhorn Park,"1001 East Lake St, Minneapolis, MN 55407 ",44.9481609,-93.2592270,"Food shelf is open for accepting and distributing donations 
Mon/Tues/Weds/Fri: 12pm - 3pm.

Please bring donations to the Horizons Unlimited Food Shelf on the first floor of the building. 

This supply distribution is intended for American Indians in need. For more programs, visit: https://www.diw-mn.org/all-programs",no,----,,no,----,,,"(as of 1/2023) 
Personal Care items - Shampoo/conditioner, soap/bodywash, toothbrushes and toothpaste, deodorant, razors/shaving cream, lotion, menstrual products, etc. Full size items are recommended as they are usually for families.

Cleaning Supplies – Disinfectant, dish soap, laundry detergent, hand soap, etc. 

Baby supplies - Diapers, baby wipes, baby formula, etc. (diaper sizes 4, 5 & 6 are needed) 

New/unused underwear and socks.",(as of 1/2023) not accepting clothing other than new socks/underwear,,,,,,,,,,,,,,,,,,,,,,,,,,,,checked,,,,,,,,,,,checked,https://www.diw-mn.org/donate,,,checked,,,,,,,,,,"21-BUS-(1 block),5-BUS-(2 blocks)",
Eastern Twin Cities Islamic Center,4/10/2024 10:39am,East St. Paul,"12585 Hudson Rd S, Afton, MN 55001",44.9440152,-92.8513350,"The ETCIC food shelf is open for
Donation and Distribution:
Wednesdays and Saturdays from 5:30pm - 6:30pm. 

https://www.etcic.org/community-outreach/ ",no,----,,no,----,,,(as of 11/3) nonperishable foods and financial donations,,,,,,,,,,,,,,,,,,,,,,,,,,,,,,,,,,,,,,,,checked,https://www.etcic.org/donate/,,,,,,,,checked,,,,,,
Ebenezer Park Apartments,3/6/2023 11:09am,Phillips West,"2700 Park Ave, Minneapolis, MN 55407",44.9533952,-93.2658303,"Accepting Donations: 
Monday-Friday 9:00am-4:00pm

Call ahead at 612-872-3644
*Limited storage for fresh produce; call ahead.",no,----,,no,----,,,"(as of 6/8)
Milk, Meat, Eggs, Bread, Fresh produce","(as of 6/8)
Personal items",,,,,,,,,,,checked,,,,,,,,,,,,,,,,,,,,,,,,,,,,,,,checked,,checked,,,,,,,,,"5-BUS-(2 blocks),27-BUS-(2 blocks)",
Every Meal HQ ,5/10/2023 7:24pm,NE Suburbs,"2723 Patton Rd, Roseville, MN 55113",45.0234198,-93.2072967,"Distributing food in vestibule:
Monday-Friday: 8am-4pm

Accepting non-perishable food donations:Tuesday, Wednesday, and Thursday from 10am – 2pm.
Go to the door marked ""Food Donations."" FAQ and more information is available on their website: https://www.everymeal.org/get-involved/donate-food/ 

Financial donations can be made through the Every Meal website https://www.everymeal.org/get-involved/donate/ or through mail to 2723 Patton Road, Roseville, MN 55113
Email fooddrive@everymeal.org with questions ",no,----,,no,----,,,Financial donations accepted at https://www.peopleandpetstogether.org/financial-donation/,(as of 7/11) Any non-food items,"(as of 7/11)
Yes! We need volunteers for food sorting and packing. More information and sign up sheets: https://volunteer.everymeal.org/need/",,,,,,,,,,,checked,checked,,,,,,,,,,,,,,,,,,,,,,,,,,checked,https://www.everymeal.org/get-involved/donate/,,,,,,,,checked,,,,,32-BUS-(3 blocks),
Faith Lutheran Church,4/5/2023 10:43am,Frogtown,"499 Charles Ave, St Paul, MN 55103",44.9578242,-93.1206839,"Distributing frozen meals, clothes (in a free store!), and household necessities on
Thursdays: 12pm-2pm

On Thursdays, pay-as-you-can hot lunches are available through Shobi's Table 12:00pm-1:00pm (or until we run out), served from the BIG BLUE TRUCK. During COVID-19, we're keeping new protocols to help keep you safe: all employees and volunteers will wear masks and practice physical distancing. All meals are in To-Go containers. The walk-up line is marked with spots 6 ft apart to guide physical distancing.",no,----,,no,----,,,,,"(as of 6/6)
Yes, volunteers needed to greet people, sort and sanitize items, and make sure COVID guidelines are being followed. 
12 - 3pm on Thursdays.

Also looking for a volunteer coordinator - contact Sheri Cindrich-Lemma at 651-219-3896 or Sheri@clearwatercounselingmn.com.",,,,,,,,,,,,,,,,,checked,checked,,,,,,,,,,,,,,,,,,,,,,,,,checked,,,,checked,,,,,"16-BUS-(2 blocks),67-BUS-(2 blocks)",
First Nations Kitchen,4/4/2024 12:53pm,Longfellow,"3044 Longfellow Ave, Minneapolis, MN 55407",44.9467274,-93.2464940,"Weekly, free, to-go meals and mostly-organic produce distribution every Sunday: 4:00pm-5:00pm.

The line starts on 31st Street and moves east and north onto Longfellow Ave. The host will call you forward to pick up a bag. The bags will be identical and not exchangeable. If you cannot use something, give it to someone who can! 

Find updates at https://firstnationskitchen.org/ or on Facebook and Instagram @FirstNationsKitchen, or contact Fr. Robert Two Bulls @ 612-791-1253",no,----,,no,----,,,(as of 12/11 1:22pm)  Financial Donations accepted at https://www.givemn.org/organization/All-Saints-Indian-Mission-1,,"(as of 1/5)
Yes - please email communications@firstnationskitchen.org.
 
Prep is 12-2:30 pm and Giveaway shift is 3:30-5:30 pm. 

Visit https://www.facebook.com/FirstNationsKitchen/ for updates on specific volunteer needs.",,,,,,,,,,,,,,,,,,,,,,,,,,,,,,checked,checked,,,,,,,checked,https://all-saints-episcopal-indian-mission.square.site/,,,,checked,,,,,,,,,"21-BUS-(1 block),22-BUS-(1 block),27-BUS-(2 blocks)",
Sanneh Foundation Food Distribution in Corcoran Park - Distribución de Alimentos en el Parque Corcoran,4/10/2024 12:34pm,Corcoran,"3334 20th Ave S, Minneapolis, MN 55407",44.9417484,-93.2441925,"Drive-thru and walk up. Fresh produce and other culturally specific staples for Latinx communities every Friday, 12pm-2pm.

We are in need of volunteers, especially Spanish speaking ones (but everyone is welcome.)",no,----,,no,----,,,,,Yes - see info here: https://thesannehfoundation.volunteerlocal.com/volunteer/,,,,,,,,,,,,,,,,,,,,,,,,,,,,,,,,,,,,,,,,,,,checked,,,,,,,,,22-BUS-(3 blocks),
Food Shelf-In-A-Box at 800 W. Broadway Pop-up Mobile,4/10/2024 10:49pm,Near - North,"800 W Broadway Ave, Minneapolis, MN 55411",44.9994724,-93.2898854,"Food Shelf in a Box at the Work Force Center!  
4th Thursday of each month from 12pm–2pm. 

Contact
info@goodinthehood.org
612-217-4003",no,----,,no,----,,,,,"Yes, find info at https://www.goodinthehood.org/volunteer/",,,,,,,,,,,,,,,,,,,,,,,,,,,,,,,,,,,,,,checked,https://gith.z2systems.com/np/clients/gith/donation.jsp,,,,,,,,,,,,,"14-BUS-(1 block),30-BUS-(1 block),22-BUS-(1 block)",
Food Shelf-In-A-Box at Creekside Gables Pop-up Mobile,4/10/2024 10:54pm,NW Suburbs,"7601 Zane Ave N, Minneapolis, MN 55443",45.0928277,-93.3568765,"Food Shelf in a Box!  
4th Thursday of each month: 12:00pm–2:00pm

Contact
info@goodinthehood.org
612-217-4003",no,----,,no,----,,,,,"Yes, find info at https://www.goodinthehood.org/volunteer/",,,,,,,,,,,,,,,,,,,,,,,,,,,,,,,,,,,,,,checked,https://gith.z2systems.com/np/clients/gith/donation.jsp,,,,,,,,,,,,,"716-BUS-(1 block),724-BUS-(2 blocks)",
Food Shelf-In-A-Box at Hennepin Technical College Eden Prairie  ,4/10/2024 10:59pm,South Suburbs,"13100 College View Dr, Eden Prairie, MN 55347",44.8354523,-93.4436821,"Food Shelf in a Box! 
1st Tuesday of each month: 2pm-4pm

Contact
info@goodinthehood.org
612-217-4003

https://www.goodinthehood.org/our-programs/feeding-the-future/foodshelf-in-a-box/",no,----,,no,----,,,,,"Yes, find info at https://www.goodinthehood.org/volunteer/",,,,,,,,,,,,,,,,,,,,,,,,,,,,,,,,,,,,,,checked,https://gith.z2systems.com/np/clients/gith/donation.jsp,,,,,,,,,,,,,,
Food Shelf-In-A-Box at Hennepin Technical College ,4/17/2024 10:22pm,NW Suburbs,"9000 Brooklyn Blvd, Brooklyn Park, MN 55445",45.0959884,-93.3970241,"Food Shelf in a Box! 
2nd Thursday of each month: 2pm-5pm

Contact
info@goodinthehood.org
612-217-4003

https://www.goodinthehood.org/our-programs/feeding-the-future/foodshelf-in-a-box/",no,----,,no,----,,,,,"Yes, find info at https://www.goodinthehood.org/volunteer/",,,,,,,,,,,,,,,,,,,,,,,,,,,,,,,,,,,,,,checked,https://gith.z2systems.com/np/clients/gith/donation.jsp,,,,,,,,,,,,,721 Ltd Stop-BUS-(1 block),
Food Shelf-In-A-Box at Macedonia Baptist Church,4/10/2024 11:06pm,King Field,"3801 1st Ave S, Minneapolis, MN 55409",44.9339382,-93.2762422,"Food Shelf in a Box! 
4th Wednesday of each month: 1:00pm–3:30pm

Contact
info@goodinthehood.org
612-217-4003

https://www.goodinthehood.org/our-programs/feeding-the-future/foodshelf-in-a-box/",no,----,,no,----,,,,,"Yes, find info at https://www.goodinthehood.org/volunteer/",,,,,,,,,,,,,,,,,,,,,,,,,,,,,,,,,,,,,,checked,https://gith.z2systems.com/np/clients/gith/donation.jsp,,,,,,,,,,,,,"23-BUS-(1 block),18-BUS-(1 block)",
Food Shelf-In-A-Box at Maple Pond Homes YMCA,4/10/2024 11:04pm,East Suburbs,"1854 Beebe Rd, Maplewood, MN 55109",44.9972625,-93.0111536,"Food Shelf in a Box! 
1st Monday of the month at 1816 Bebe Road from 3-5pm
1st Wednesday of month at 1854 Bebe Road from 3-5pm

Contact
info@goodinthehood.org
612-217-4003

https://www.goodinthehood.org/our-programs/feeding-the-future/foodshelf-in-a-box/",no,----,,no,----,,,,,"Yes, find info at https://www.goodinthehood.org/volunteer/",,,,,,,,,,,,,,,,,,,,,,,,,,,,,,,,,,,,,,checked,https://gith.z2systems.com/np/clients/gith/donation.jsp,,,,,,,,,,,,,64-BUS-(1 block),
Food Shelf-In-A-Box at Justice Alan Page Elementary,4/10/2024 11:01pm,East Suburbs,"2410 Holloway Ave E, Maplewood, MN 55109",44.9982598,-92.9990640,"Food Shelf in a Box!  
3rd Thursday of each month: 3:20pm-4:45pm

Contact
info@goodinthehood.org
612-217-4003

https://www.goodinthehood.org/our-programs/feeding-the-future/foodshelf-in-a-box/",no,----,,no,----,,,,,"Yes, find info at https://www.goodinthehood.org/volunteer/",,,,,,,,,,,,,,,,,,,,,,,,,,,,,,,,,,,,,,checked,https://gith.z2systems.com/np/clients/gith/donation.jsp,,,,,,,,,,,,,,
Food Shelf-In-A-Box at MN Internship Center (MNIC) Unity ,4/10/2024 11:06pm,Jordan,"2201 Girard Ave N Minneapolis, MN 55411",45.0020400,-93.2978100,"Food Shelf in a Box!  
3rd Wednesday of each month: 2pm-4pm

Contact
info@goodinthehood.org
612-217-4003

https://www.goodinthehood.org/our-programs/feeding-the-future/foodshelf-in-a-box/",no,----,,no,----,,,,,"Yes, find info at https://www.goodinthehood.org/volunteer/",,,,,,,,,,,,,,,,,,,,,,,,,,,,,,,,,,,,,,checked,https://gith.z2systems.com/np/clients/gith/donation.jsp,,,,,,,,,,,,,"5-BUS-(2 blocks),14-BUS-(3 blocks),30-BUS-(3 blocks)",
Food Shelf-In-A-Box at Montreal Courts Pop-up Mobile,4/10/2024 11:06pm,East Suburbs,"396 Labore Rd, Little Canada, MN 55117",45.0264498,-93.0846807,"Food Shelf in a Box! 
3rd Monday of each month: 3pm-5pm

Contact
info@goodinthehood.org
612-217-4003

https://www.goodinthehood.org/our-programs/feeding-the-future/foodshelf-in-a-box/",no,----,,no,----,,,,,"Yes, find info at https://www.goodinthehood.org/volunteer/",,,,,,,,,,,,,,,,,,,,,,,,,,,,,,,,,,,,,,checked,https://gith.z2systems.com/np/clients/gith/donation.jsp,,,,,,,,,,,,,,
Food Shelf-In-A-Box at Tommie Shelf Minneapolis ,4/10/2024 11:11pm,Ventura Village,"1000 Lasalle Ave, Minneapolis, MN 55403",44.9743904,-93.2772023,"Food Shelf in a Box! 
3rd Wednesday of each month: 3:00pm-5:00pm

Contact
info@goodinthehood.org
612-217-4003

https://www.goodinthehood.org/our-programs/feeding-the-future/foodshelf-in-a-box/",no,----,,no,----,,,,,"Yes, find info at https://www.goodinthehood.org/volunteer/",,,,,,,,,,,,,,,,,,,,,,,,,,,,,,,,,,,,,,checked,https://gith.z2systems.com/np/clients/gith/donation.jsp,,,,,,,,,,,,,"4-BUS-(2 blocks),6-BUS-(2 blocks),10-BUS-(2 blocks),11-BUS-(2 blocks),12-BUS-(2 blocks),17-BUS-(2 blocks),18-BUS-(2 blocks),25-BUS-(2 blocks),61-BUS-(2 blocks),9-BUS-(2 blocks)",
Food Shelf-In-A-Box at University of Northwestern (UNW),4/10/2024 11:13pm,NE Suburbs,"3003 Snelling Ave, Roseville, MN 55113",45.0337612,-93.1683209,"Food Shelf in a Box! Pantry open 
M-F: 8:00am-5:00pm

Located in the Billy Graham Community Life Commons – Room G222.",no,----,,no,----,,,,,"Yes, find info at https://www.goodinthehood.org/volunteer/",,,,,,,,,,,,,,,,,,,,,,,,,,,,,,,,,,,,,,checked,https://gith.z2systems.com/np/clients/gith/donation.jsp,,,,,,,,,,,,,225 Deluxe-BUS-(1 block),
Keystone Foodmobile Grocery Distribution - Roseville Library ,5/27/2024 1:50pm,NE Suburbs,"2180 Hamline Ave N, Roseville, MN 55113",45.0074048,-93.1557921,"Free Food Distribution
Second Monday of each month, 10am-12pm. 

2024 upcoming dates: 
May 13

Open to anyone needing food support. We will be distributing shelf stable groceries, produce, dairy, meat and other items in a safe, socially distanced manner.
This does count as a food shelf service, so participants will be asked a few questions prior to accessing food. Please note that the Foodmobile is a Keystone food shelf and thus participants can only access services once a month. 

More information: https://keystoneservices.org/food-shelves/foodmobile/ 

https://www.facebook.com/events/909706417306781/ ",no,----,,no,----,,,,,(as of 15 Feb 2024) Yes; find info on website: https://keystoneservices.org/volunteer/ ,,,,,,,,,,,,,,,,,,,,,,,,,,,,,,,,,,,,,,,,,,,checked,,,,checked,checked,,,,"65-BUS-(1 block),83-BUS-(1 block)",
Keystone Foodmobile Grocery Distribution - St. Michael's Lutheran Church ELCA,5/27/2024 1:51pm,NE Suburbs,"1660 County Road B W, Roseville, MN 55113",45.0054763,-93.1701553,"Free Food Distribution
Second Tuesday of each month: 2pm-4pm. 

2024 upcoming dates:
May 14

Open to anyone needing food support. We will be distributing shelf stable groceries, produce, dairy, meat and other items in a safe, socially distanced manner.
This does count as a food shelf service, so participants will be asked a few questions prior to accessing food.
For more information about Keystone's Foodmobile visit - https://keystoneservices.org/food-shelves/foodmobile/ 

https://www.facebook.com/events/379621674738480/ ",no,----,,no,----,,,,,(as of 15 Feb 2024) Yes; find info on website: https://keystoneservices.org/volunteer/ ,,,,,,,,,,,,,,,,,,,,,,,,,,,,,,,,,,,,,,,,,,,,,,,checked,checked,,,,"65-BUS-(3 blocks),A Line-BUS-(3 blocks)",
Forest Lake Teen Center - Family Pathways,3/1/2023 9:33pm,NE Suburbs,"935 Lake Street S, Forest Lake, MN 55025",45.2701830,-92.9827330,"Youth Drop-In Center works alongside people in crisis, focusing on overall health and household stability. 

New Teen Center hours are 
Monday, Tuesday and Wednesday: 2:30-6:00pm

Youth Support
-School-based violence prevention curriculum on bullying, sexual assault, anger management, dating and family violence
-Youth leadership
-Teen Centers provide a safe, welcoming after school environment

Teen Center Areas of Focus
Career Development (CD)
Healthy Relationships (HR)
Substance Abuse Prevention (SAP)
Support Group (SG)

Contact: Contact Tarren Davis, Youth Program Manager, tarrend@familypathways.org (651) 674-8040",no,----,,no,----,,,,,,,,,,,,,,,,,,,,,,,,,,,,,,,,,,,,,,,,,,,,,,,,,,,,,,,,,,
Francis Basket Food Shelf,10/12/2023 11:14pm,Highland Park,"1293 E Maynard Dr #410, St Paul, MN 55116",44.9017541,-93.1692640,"Weekly Foodshelf Hours:
Monday 9:00am-11:30am
Tuesday 9:00am-11:30am and 1:00pm-4pm
Friday 9:00am-11:30am and 1:00pm-4pm

Staff & interns speak 10 languages: English, Spanish, Hmong, Lao, Thai, Karen, Burmese, Amharic, Tigrigna, Somali, and Swahili.
Delivery is available for those without transportation - call 651-789-2534.

The Francis Basket Food Market has a walk up procedure so you need to walk to the door and ring the doorbell and someone will ask you a few questions and then bring out your food.

Anyone using the food shelf must meet one of the following three requirements: (1) You live in zip code 55116, (2) If you are a new immigrant or refugee, you have lived in the USA less than 5 years, (3) You are a current participant in a Neighborhood House program, such as an adult education class. No identification required, but the intake process does ask for: full name, date or birth, phone number, and address. 

Facebook Event(s): https://www.facebook.com/events/546733280527772/546733287194438/ 
http://neighb.org/program/foodsupportprogram/

If you are interested donating food or in holding a food drive for one of our food markets please contact Tanika Fears at or 651.789.2513",no,----,,no,----,,,"(as of 01/2023) If you are interested in donating food, please contact Tanika Fears at 651.789.2513. or tfears@neighb.org 

Staple items always needed: 
Flour (all purpose, rice flour, maseca corn), oil (vegetable, canola, olive), canned fruit, canned corn, canned beans (black, pinto, red, black-eyed) , canned meat (tuna, chicken) , coconut milk, noodles (bamboo, rice) , rice (long-grained, jasmine, kokuho), hygiene products ",,(as of 11/6) Yes - info here: https://neighb.org/support/volunteer/,,,,,,,,checked,,,,,,,,,,,,,,,,,,,,,,,,checked,checked,checked,,,,,,,,,checked,,,,checked,,,,,"54-BUS-(1 block),84-BUS-(1 block),46-BUS-(2 blocks),134 Ltd Stop-BUS-(3 blocks)",
Free Grace United: Downtown Minneapolis,5/17/2023 10:17am,Ventura Village,"609 S 10th St, Minneapolis, MN 55404",44.9701611,-93.2662078,"Hot meal served every 
Saturday: 4:30pm
Sunday: after each service.

Also giving away donated food each week.

Worship service and short message each:
Saturday: 5:00pm 
Sunday: 10:30 and 4:00pm

The food we offer is completely free and the service is completely optional. We serve a hot meal, but we also have pallets of food to give away.

https://freegrace.tv/locations/minneapolis/
https://freegrace.tv/locations/minneapolis-downtown-sun/  `",no,----,,no,----,,,,,"(as of 1/5)
Yes, email office@freegrace.tv for details.",,,,,,,,,,,,,,,,,,,,,,,,,,,,,,,,,,,,,,,,,,,,,,,,,,,,"9-BUS-(1 block),5-BUS-(2 blocks),19-BUS-(3 blocks)",
Free Grace United: North Minneapolis,4/5/2023 11:16am,Jordan,"1423 Lowry Ave N, Minneapolis, MN 55411",45.0129983,-93.2976462,"Hot meal served on Saturday after service at 5:00pm.

https://freegrace.tv/locations/minneapolis-north/",no,----,,no,----,,,,,"(as of 1/5)
Yes, email office@freegrace.tv for details",,,,,,,,,,,,,,,,,,,,,,,,,,,,,,,,,,,,,,,,,,,,,,,checked,,,,,"5-BUS-(1 block),32-BUS-(1 block)",
Fruit of the Vine Food Shelf,4/10/2024 11:56am,Payne-Phalen,"1280 Arcade St, St Paul, MN 55106",44.9798231,-93.0653229,"Food shelf open Tuesdays, 3-6pm
Fridays, 11 am-1 pm (crisis orders only)
Saturdays, 9am-12pm (or when food runs out, often around 11:30am)

Fresh dairy products, meats, produce, and breads, plus personal care and pantry goods. We can provide each household with food twice per month and there needs to be an adult to receive food on behalf of each household. More information here about what to expect: https://vcsmn.org/services

Guidelines for pickup:
1. Wear a mask
2. Observe 6 feet social distancing
3. Use hand sanitizer, available upon entering
4. One person per household is allowed in to pick up the food

First time participants are asked to bring an ID. Knowing that not everyone has proper ID, we do not turn away people without.

Los voluntarios hablan inglés y / o español.
https://www.facebook.com/VCSMN  ",no,----,,no,----,,,,,(as of 04/2023) Yes - more info here: https://vcsmn.org/volunteering/,,,,,,,,,,,,,,,,,,,,,,,,,,,,,,,,,,,,,,,,,,,checked,checked,,,,,,,,"61-BUS-(1 block),54-BUS-(3 blocks)",
Glendale Food Shelf (East Side Neighborhood Services),4/10/2024 10:49am,Prospect Park - East River Road,"92 St Mary's Ave SE, Minneapolis, MN 55414",44.9689616,-93.2191103,"Hours of operation: 
Monday: 11am-4pm
Tuesday:  1pm-6pm
Wednesday:  1pm-6pm
Thursday:  11am-4pm

Must be a resident of Glendale Townhomes. Income must be at or below 300% of federal poverty guidelines (self-declared). Each family completes an enrollment form providing names and ages of each person in the household.

We offer a wide variety of food items, including fresh fruits and vegetables and culturally-specific foods that are staples to the diets of community members. Each family member is eligible to receive a monthly allocation of 25 pounds of food. Participants can shop multiple times during the month until the total household food allocation is reached.

Email rhaarsager@esns.org or call 612-788-9521 to arrange time and location to drop off donations",no,----,,no,----,,,"Personal care, household & paper items: 
Toilet paper, tissue, paper towels, toothpaste, hand soap, deodorant, shampoo, diapers, laundry detergent

Non-perishable food: 
Juices, canned meats, stews, chilis, other canned meals, healthy snack items, rice, pasta, boxed meals, cooking oil, pasta sauce",,"Yes: 
We need 6 volunteers at the Food Programs warehouse on Mondays to start building boxes for the week.

To sign up: you may call or email Gina (612-788-9521 | gwilliams@esns.org) or Rob (612-787-4111 | rhaarsager@esns.org).",,,,,,,,,,checked,,,,,,,,,,,,,,,,,,,,,,,,,,,,checked,https://www.esns.org/donate,,,,checked,checked,,,,,,,,"6-BUS-(3 blocks),Green-GREENLINE-(3 blocks)",
Golden Rule,10/24/2022 3:42pm,West Suburbs,"350 Water St, Excelsior, MN 55331",44.9016374,-93.5683593,"Monday- Saturday, 10 am-5 pm, during store hours.

Collecting non-perishables and toiletries every day during shop hours for redistribution to resource sites where they're needed.",no,----,,no,----,,,"(as of 1/24 3:44pm) non-perishable food items, toiletries  ",(as of 6/27) perishable or refrigerated goods,(as of 1/27) No volunteers needed,,,,,,,,,,,,,,,,,,,,,,,,,,,,,,,,,,,,,,,,,,,checked,checked,,,,,,,,670 Express-BUS-(1 block),
Good Works Food Shelf,4/4/2024 12:16pm,Logan Park,"697 13th Ave NE, Minneapolis, MN 55413",45.0012567,-93.2529711,"Food shelf is open to all who qualify
on Fridays, 3pm-6pm.
Guests are allowed to use the pantry twice a month. All guests are welcome to use the table items during operating hours on Fridays. Donations accepted during open hours.
https://linktr.ee/goodworksfoodshelf

1st Thursday of the month: West African Food Pantry, 5:00pm-6:30pm
On those days, we will only offer West African food, and will not have our regular food shelf offerings. Food must be pre-ordered between 9am and 3pm on that Thursday. More info here: https://goodworksfoodshelf.org/waefp/

Food Delivery Services is available for neighbors who are unable to come into the food shelf. You MUST be preapproved for Food Delivery Services by our Team. Every Friday we will deliver online food orders received latest by Thursday for approved orders within the 55413 and 55418 zip code. Delivery Services will be on Fridays between 4 – 7pm CST. Request delivery here: https://goodworksfoodshelf.org/delivery-form/",no,----,,no,----,,,"Spices (all types), cooking oils, pasta (all types), laundry detergent, body wash, toilet paper, hand soap, dish soap, pancake mix and syrup, cereal (all types), flour for baking

Financial donations at https://www.givemn.org/story/Gwfoodshelf and https://www.givemn.org/story/Waefp ",,Yes! Sign up here: https://linktr.ee/goodworksfoodshelf,,,,,,,,,,,,,,,,,,,,,,,,,,,,,,,,,,,,,,checked,https://www.givemn.org/story/Gwfoodshelf,,,,checked,,,,,,,,,"17-BUS-(2 blocks),30-BUS-(2 blocks)",
Grace Center for Community Life - Little Kitchen Food Shelf,7/19/2023 12:27pm,Logan Park,"1500 6th Street NE, Minneapolis, MN 55413",45.0039944,-93.2592830,"Food shelf hours: 
Tuesday and Thursday: 6:00pm-7:30pm  
Wednesday and Friday 10:00am-12:00pm

People are welcome to come to the food shelf once every 30 days. Pre-registration is required. No zip code or ID requirements. Please call 612-788-2444 between 9 am and 11 am Monday through Friday to register.

No-contact pick-up service of groceries, fresh produce, and personal hygiene items. Pet food is available on request. Enter at the corner of 5th & 15th streets (in the former Holland school building).",no,----,,no,----,,,"If you would like to directly donate food or other supplies, please email our administrator, admin@gracenempls.org, to set up a time to drop them off.",,"Yes! call and listen to the recording and ask for the administrator to get volunteer hours -- 612-788-2444.  Or, email admin@gracenempls.org.",,,,,,checked,,,,,,,,,,,,,,,,,,,,,,,,,,,,,,,,,,,,checked,checked,checked,,,checked,checked,,,,"17-BUS-(1 block),11-BUS-(4 blocks)",
Grease Pit Community Bicycle Shop,6/7/2023 11:01am,Phillips,"2750 Bloomington Ave S, Minneapolis, MN 55407",44.9521439,-93.2530393,"Free DIY bicycle repair!

Monday: closed
Tuesday: closed
Wednesday: open 6:00pm-9:00pm
Thursday: open 6:00pm-9:00pm
Friday: closed
Saturday: open 3:00pm-6:00pm
Sunday: open 3:00pm-6:00pm

Used bicycle parts available sliding scale. Cheap used bicycles for sale. We also accept work trade as a form of payment for parts.

Contact via Instagram @greasepitbikeshop",no,----,,no,----,,,"Bicycles, Bicycle parts, and firewood donations accepted. Anytime, preferably 12-9 Saturday and Sunday. Can leave outside of door. ",PLEASE DO NOT DROP FOOD OFF HERE. The Phillips Free store is no longer operating out of the Grease Pit Community Bicycle Shop. Please refer to their hours for donation.,"Yes. Volunteers needed for teaching bicycle repair and shop maintenance. Come to shop 3-6pm Saturday and Sunday, or  contact via Instagram @greasepitbikeshop",,,,,,,,,,,,,,,,,,,,,,,,checked,,,,,,,checked,,,,,,,,,,,,,,,,checked,,,,,"14-BUS-(1 block),27-BUS-(1 block)",
Greater Mount Vernon MBC Community Food Bank,4/12/2023 11:18am,Near North,"1800 Dupont Ave, Minneapolis, MN 55411",44.9976191,-93.2923335,"Distributing food Saturdays: 11:15am-1:00pm.

No identification necessary, but some household questions may be asked strictly for statistical purposes.  http://gmvchurch.com/ ",no,----,,no,----,,,,,,,,,,,,,,,,,,,,,,,,,,,,,,,,,,,,,,,,,,,,,,,,,,,,checked,,,,,"14-BUS-(1 block),30-BUS-(1 block),5-BUS-(1 block),22-BUS-(3 blocks)",
Groveland Emergency Food Shelf,8/16/2023 11:28am,Stevens Square,"1900 Nicollet Ave, Minneapolis, MN 55403",44.9634642,-93.2784508,"Accepting and distributing donations 
M-F from 9:30am to 12:00pm. 

The shelf is accepting donations of all kinds that can be used by a family - all non-perishable food, toiletries, household products.
Call 612-871-0277 to schedule large donations.

The food shelf is on Groveland Avenue between Nicollet and Lasalle (Temporary entrance on Nicollet Ave). Hosted in the basement of Plymouth Congregational Church. Delivery is available for individuals who are housebound due to disability

Also is a partner of People & Pets Together that helps families facing economic hardship by providing pet food to food shelves in the Minneapolis-St. Paul metropolitan area

https://www.grovelandfoodshelf.org/index.php ",no,----,,no,----,,"(as of 8/29) coffee, cooking oil, canned meats and fish, beans, and peanut butter.","(as of 8/29)
All non-perishable food items such as gravy mixes, cereal, flour, sugar, canned foods, meal starters, cake mix. 

Fresh food or large shipments by appointment.  

Personal hygiene items such as toothbrushes, toothpaste, and hair care as well as household items such as dish soap, laundry detergent, toilet paper and paper towels","(as of 8/29)
No opened items or partially used products. If you have fresh fruit or meat donations, give us a call to see if we can accept them","(as of 8/29) 
Find volunteering info at https://www.grovelandfoodshelf.org/volunteer",,,,,,,,,,,,,,,,,,,,,,,,,,,,,,,,,,,,,,checked,https://www.givemn.org/organization/Groveland-Emergency-Food-Shelf,,,,,,,,checked,,,,,"2-BUS-(1 block),17-BUS-(1 block),18-BUS-(1 block)",
Hallie Q. Brown Community Center,8/1/2022 7:37pm,Summit-University,"270 N Kent St, St Paul, MN 55102",44.9493920,-93.1229610,"Open for donation and distribution every week. Monday - Friday: 9am - 5pm
Saturday & Sunday: CLOSED

Anyone dropping off donations should CALL AHEAD. The public is not permitted inside the building. Employees will meet donors and clients OUTSIDE the front doors. Free masks are available at the Center. (651)-224-4601  https://www.hallieqbrown.org 

They are working with a client choice model. It is preferred, but not required, that people needing assistance fill out the linked online form. This helps the food shelf serve clients with specific needs faster and helps manage the flow for distribution. Please use the form linked here: https://bit.ly/2BTCy4v. You may also call to make the requests for specific needs: (651)-224-4601.

Also is a partner of People & Pets Together that helps families facing economic hardship by providing pet food to food shelves in the Minneapolis-St. Paul metropolitan area",no,----,,no,----,,,"(as of 2/21) Oatmeal, Peanut Butter, Rice, Dried Beans, Cornbread and Pancake Mix, Pasta Sauce, Coconut Milk, Pasta, Canned Vegetables, Flour (White, Wheat, Gluten-Free), Sugar, Vegetable/Olive Oil, Granola/Cereal Bars, Toilet Paper, Paper Towels, Disinfectant Wipes, All-Purpose Cleaner, Shampoo, Conditioner, Body Lotion, Body Wash, Toothpaste, Toothbrushes, Laundry Detergent Pods, Hand Soap, Soup (Variety), Baby Food, Canned Meat (Tuna, Sardines, Chicken), Sunscreen, Boxed Noodles, Boxed Mashed Potatoes.",,,,,,,,,,,,,,,,,,,,,,,,,,,,,,,,,,,,,,,,,,,,,,checked,,,checked,,,,,"65-BUS-(1 block),21-BUS-(3 blocks)",
Hancock Recreation Center,4/10/2024 12:39pm,Midway,"1610 Hubbard Ave, St Paul, MN 55104",44.9647334,-93.1683124,"Distribution: 
Food boxes will be available every Wednesday from 12:00pm-2:00pm.

Free snacks for Saint Paul youth (18 and under), 6/19-8/17 (closed July 3 and 4):
Snacks: 2:30pm-3:30pm

Donations accepted here:
Wednesdays: 9:00am - 11:00am

Donations also accepted at: 
Ginkgo Coffeehouse: during business hours
Great River School: Monday - Friday, 9am-3pm

Monetary donations: https://bit.ly/3kJwiht                                                                                                                                                                                                                     
Checks can be made out to Hamline Midway Coalition, with ""Midway Project"" on the memo line and sent to:
Hamline Midway Coalition
1558 West Minnehaha Avenue
Saint Paul, MN 55104",no,----,,no,----,,"household care items and diapers (sizes 5/6)
","baby diapers, wipes, formula | bar soap, shampoo, conditioner, toothpaste, toothbrushes, deodorant, lotion, lip balm, menstrual care products, razors, shaving cream, laundry detergent pods, all-purpose cleaning spray, dish soap, hand soap, garbage bags, paper towels, toilet paper, facial tissue",,"Learn more and sign up at https://www.hamlinemidway.org/TheMidwayProject
Volunteers must be at least 16 years old. Please bring a mask and work gloves if you have them. Masks and vinyl gloves will be available for volunteers on site. Water and snacks will be provided.  

Tasks for volunteers will be a mixture of both inside and outside work, alternating between them to accommodate for cold and inclement weather. If you are more comfortable or need to work outside the whole time, this can be possible, weather dependent. ",,,,,,,,,,,,,,,,,,,,,,,,,,,,,,,,,,,,,,,,,,,,checked,,,checked,,,,,"84-BUS-(1 block),A Line-BUS-(1 block),67-BUS-(3 blocks)",
Harm Reduction Sisters •••Delivery Only•••,6/30/2022 9:06pm,,"Duluth, MN",46.7866719,-92.1004852,"***Delivery only***
Delivery available 
Tuesday-Saturday 11am - 7pm 

Service available in Duluth, Superior, Cloquet, Fond Du Lac, Iron Range, Itasca, Koochiching and Lake County
Call or text (218) 206-6482 for delivery
https://harmreductionsisters.org/services ",no,----,,no,----,,,,,,,,,,,,,,,,,,,,,,,,,,,,,,,,,,,,,,,,,,,,,checked,,,,,checked,,,,,,,,
VeTouch: Pet Vaccine & Care Clinic,6/5/2024 8:36pm,Seward,"2501 Minnehaha Ave, Minneapolis, MN 55404",44.9570200,-93.2400900,"One Sunday per month (usually the first Sunday): 9am-1pm. We are an appointment-only clinic. Due to extremely high demand, VeTouch books appointments 2 months out. Our appointment request form (available over email: vetouch@umn.edu) opens the morning after our monthly clinic. When we are at capacity we do not accept any new appointment requests. 

Address: 2501 Minnehaha Ave, Minneapolis, MN 55404 (Chuck & Don’s Pet Wellness Center)
Parking: Street parking
Time: 9am-1pm
Dates: Clinics are typically the first Sunday of every month. Upcoming dates: May 5, 2024 (fully booked), June 2, 2024 (form opens May 6th at 8 am), and July 14, 2024 

Check-in will be at back of building

At Ve-TOUCH Clinics, University of Minnesota veterinary students provide free vaccines and preventatives for dogs and cats. We provide physical exams, rabies and distemper vaccines, and flea/tick/heartworm preventatives for no cost. WE DO NOT PROVIDE SPAYS/NEUTERS.

Since we only have 1 clinic per month and are not a full-service veterinary clinic, we are unable to see sick pets or pets with serious veterinary conditions.

- Maximum of 2 pets per owner at one clinic.
- Pets must be on a leash or in a carrier. 
- Animals older than 1 year must be spayed or neutered after their first visit to VeTouch to be seen a second time.
- We will not accommodate pets that are used for breeding, and will not accommodate their litters of puppies/kittens 

To qualify for VeTouch services, clients need to be receiving some form of public assistance. Options for qualification include: 
- Food Stamps 
- Currently unhoused
- Free or Reduced Lunch Program
- HUD Section 8 Housing
- Major V. A. Disability
- Medicaid
- Medical Assistance
- Minnesota Care
- SSD
- SSI
- Temporary Assistance for Needy Families
- WIC
- A family of four making under $40,000 per year

Email: vetouch@umn.edu
Phone: ‪(612) 440-6147 (phone messages are checked weekly on Saturdays)
Website: https://vetouch.umn.edu/",no,----,,no,----,,,,,,,,,checked,checked,,,,,,,,,,,,,,,,,,,,,,,,,,,checked,,,,,,,,,,,,,,,checked,checked,,,,"14-BUS-(1 block),23-BUS-(2 blocks)",
His House Foundation •••By Appointment Only•••,3/8/2023 8:10pm,SW Suburbs,"115 E 4th St, Chaska, MN 55318",44.7877788,-93.6002943,"Accepting and distributing food and household items by appointment only. For more information, call Martha Brannon at 612-325-4693.

Donations can be left at Mount Calvary Lutheran Church, 301 Oak Street, Excelsior",no,----,,no,----,,,"(as of 03/2023) Needed items for families:
-Paper products and cleaning supplies
-Fabric masks 
-Gas cards
-Uber cards
-Diapers and pullups
-Sweatpants, yoga pants, t-shirts and sweatshirts
-Personal care products for all family members
-Quarters / donations for laundry - many are living in motels and it costs approximately $25 for them to do their laundry
-Gift cards, especially grocery, gas and discount store",,"(as of 03/2023) Yes. Seeking 3-5 weekly volunteers for picking up food from restaurants and food shelves, maintaining resource center, and delivering food to hotels and apartments on weekdays from 3-5:30 pm. Volunteers must have a driver's license and be able to lift ~25 lbs.",,,,,,,,,,,,,,,,,,,,,,,,,,,,,,,,,,,,,,checked,https://www.gofundme.com/f/funding-the-gap-for-covid19?utm_medium=copy_link&utm_source=customer&utm_campaign=p_lico+share-sheet,,,,,,,,,,,,,,
Home Base Central: Donation Drive for Sanctuary Encampments,5/31/2024 12:14am,Uptown,"3101 Bryant Ave S, Minneapolis, MN 55408",44.9461045,-93.2903539,"Intermittent supply drives announced on social media, typically Sunday afternoons.

Home Base will continue to pick up donations and distribute them; email 
WeAreHomeBaseMN@gmail.com to arrange.

Financial donations will continue to be used to purchase necessities for our unhoused communities:
Donate:
Venmo: @Emilie-Valenti
Cashapp: $EmilieValenti

Home Base is raising funds to open a physical community and storage space. See GoFundMe for more details: https://www.gofundme.com/f/jwybz8-help-us-get-into-a-building 

----
Facebook: https://www.facebook.com/ThisIsHomeBase/ 
Instagram: https://www.instagram.com/homebasecentral/ ",no,not today,,no,not today,,"(as of May 4, 2024)

Large Tents
Large Tarps
Rope / paracord / bungee cords / zip ties
Sleeping bags / mats / pads
Blankets / bedding
New underwear (M / W)
Socks, socks, socks!
Personal hygiene items / kits
Water / Gatorade
Nutritious soft snacks
Batteries (all sizes)
Heavy duty garbage bags
Heavy duty paper towels

Financial donations","(as of May 4, 2024)

Also collecting items for 3rd annual GFGM Rise & Remember Festival on May 25, 2024:

Men's & Children's Clothing (all sizes)
Working small appliances:
- Crock pots
- Coffee makers
- Toasters
- Toaster ovens
- Air fryers
- Microwaves
- Humidifiers / dehumidifiers
- Standing / handheld mixers","please don't bring soiled or damaged items
",,,,,,,,,,,,,,,,,,,,,,,,,,,,,,,,,,,,,,,checked,https://www.gofundme.com/f/jwybz8-help-us-get-into-a-building,,,,,,,,,,,,,4-BUS-(1 block),
Hope 4 Youth Drop-in Center,3/6/2023 10:55am,NW Suburbs,"2665 4th Avenue North, Suite 40, Anoka, MN 55303",45.2060270,-93.3853403,"Drop-in center hours for youth:
Mon: 11am - 7pm
Tue:  1pm - 7pm
Wed: 11am - 7pm
Thu: 11am - 7pm
Fri: 11am - 5pm

Donation receiving hours:
Wednesday and Saturday, 9am - 12pm

We support young people, ages 16 to 24, who are experiencing homelessness in the northern metro area. (If you are under 16 and need help, we can connect you to other service providers.) In addition to many basic-needs services, case management is also provided, linking youth to stable housing, health and wellness programs, education and employment.

Meals: We offer fully prepared meals to young people who use the center. A free lunch is currently available at noon on Mondays, Wednesdays and Fridays.  A free dinner is served weekdays between 5 and 6 p.m. Volunteers provide the meals, sometimes made from scratch and other times purchased at area restaurants.

Our 24-hour crisis line is available at 612.849.2561
In an emergency, call 911",no,----,,no,----,,,"(as of 03/2023)
Top needs: men's body wash, Hormel Compleats, women's deodorant, men's white t-shirts (S, M, L), pancake mix and syrup, cups and boxes of cereal, Yakisoba noodles, Gatorade, new bras (sizes A, B, C, and D), Cantu conditioner, body lotion, Annie Chun's noodle bowls

List of other needed items can be found here: https://www.hope4youthmn.org/donate-items

Target wishlist: https://www.target.com/gift-registry/gift-giver?registryId=3fd581e0-88ef-11eb-aeb7-e7a6b7efc582&type=CHARITY

Amazon wishlist: https://www.amazon.com/hz/wishlist/genericItemsPage/1RI3Z7CQW98R8

If dropping off items, please note that our donation center is located on the front side of our facility at 2665 4th Ave. N. in Anoka.  Park on Pleasant Street, and look for the HOPE 4 Youth sign by the wooden ramp. Please do NOT leave items outside our entrance when the donation center is not open.",,,,,,,,,,,,,,,,,,,,,,,,,,,,,,,,,,,,,,,,,,,,,,,,,,,,,,805-BUS-(1 block),
Hope for the Community - Hope Church,3/8/2023 8:48pm,North Suburbs,"1264 109th Ave NE, Blaine, MN 55434",45.1674060,-93.2379611,"Drive-thru food pantry distribution every Thursday 9:30am-5:00pm. 

Food donations can be brought in during volunteer hours or left under the awning at any time.

**Note that this group has partnered with the police department for delivery.**",no,----,,no,----,,,"(as of 03/2023) We accept all food donations, which can be brought in during volunteer hours or left under the awning at any other time. Financial donations accepted at: https://hopeforthecommunity.com/donate/",,"(as of 03/2023) Yes.
In need of volunteers at the Blaine Location on Wednesdays from 12 - 2:30 p.m. and Thursdays from 9 a.m. - 5 p.m. 

Details: 
https://hopeforthecommunity.com/volunteer/
",,,,,,,,,,,,,,,,,,,,,,,,,,,,,,,,,,,,,,,,,,,,,,,checked,checked,,,,,
Hope for the Community - Wagner Park,1/4/2024 6:56pm,SW Suburbs,"26518 France Avenue, Elko New Market, MN 55020",44.5654400,-93.3293800,"Distributing:
Drive-thru food pantry distribution every 1st and 3rd Wednesday of the month: 3:00pm-5:00pm. 

**Note that this group has partnered with the police department for delivery.**",no,----,,no,----,,,,,Find volunteer info at https://hopeforthecommunity.com/volunteer/ ,,,,,,,,,,,,,,,,,,,,,,,,,,,,,,,,,,,,,,,,,,,,,,,checked,checked,,,,,
510 Board and Lodge (Agate Housing and Services) -By Appointment Only-,7/19/2023 12:56pm,Elliot Park,"510 S 8th St, Minneapolis, MN 55404",44.9730828,-93.2655855,"Public Shower is open
Monday - Friday: 9am-1pm
Showers are available at no cost to the public at our residency location – 510 South 8th Street, Minneapolis. Upon arrival, guests check in at the front desk where they will receive a towel and soap.

Provides various lengths of stay and levels of service to single adults who have experienced long-term homelessness and are working to attain suitable long-term housing. This building has long-term, supportive housing and a 24-hour male shelter. All on-site housing participants are referred by the Hennepin County's Coordinated Entry system (hennepin.us/coordinated-entry.) All shelter guests must go through Adult Shelter Connect to reserve a bed (simpsonhousing.org/programs/adult-shelter-connect.)

Donations by appointment only at 2309 Nicollet Ave. Arrange drop-offs with Abby Abele at abigail.abele@agatemn.org or 612-715-0449
",no,----,,no,----,,"Toothpaste
Gift cards for groceries (Target, Walmart, Cub Foods)
Standard cleaning supplies
New Metro PCS phones
$10 gas cards

Clothing: men's underwear (M, L, XL, XXL), undershirts (M, L, XL, XXL and bigger), men's briefs (mostly L and XL, some M and S), women's underwear (mostly L and XL, some M and S), basketball shorts with pockets and a drawstring (L, XL, and XXL), 

Travel-sized Hygiene Kits: body washes, soap bars, toothbrushes, toothpaste, deodorant, razors, shaving cream, lotion, conditioner, full-sized menstrual products, hand towels, and gallon-sized Ziploc bags

","Currently accepting a wide variety of donations like hygienic products, dental products, clothing, and other items. These items must be new/unopened but clothing can be new to gently used. ",Cannot accept food donations except for non-perishable snack packs,"No, but for other volunteer opportunities contact Noah Chan at noah.chan@agatemn.org or 612-327-6389. You can also visit https://agatemn.volunteerhub.com/vv2/ to get started",,checked,,,,,,,,,,,,,,,,,,,,,,,,,,,,,,,,,,,,,,,,,,,,,checked,,checked,,,"5-BUS-(1 block),14-BUS-(1 block),19-BUS-(1 block),94 Express-BUS-(1 block),353 Express-BUS-(1 block),363 Express-BUS-(1 block),721 Ltd Stop-BUS-(1 block),663 Express-Bus-(2 blocks),CLine-BUS-(2 blocks)",
Agate Housing and Services Food Centre,12/26/2023 2:38am,Elliot Park,"714 Park Ave, Minneapolis, MN 55404",44.9725720,-93.2632187,"Shelf of Hope Food Shelf open Wednesdays 10am - 1pm
Our public meal service is currently closed to the public, but will resume soon. 

Donations accepted by appointment: https://agatemn.org/donate/ 
Find additional resources at: https://agatemn.org/get-help/ 
Facebook: https://www.facebook.com/AgateServicesMN ",no,----,,no,----,,,"(as of 2023.06.11)
Form listing items accepted: https://forms.office.com/r/xiCM6UxAtc

Once you submit this form, someone from our team will reach out to schedule a drop-off at our 2309 Nicollet Ave S., Minneapolis MN, 55404 building. You can also contact our Community Organizer and In-Kind Donation Manager Abby Abele at abigail.abele@agatemn.org or 612-715-0449 if you have questions, or want to schedule an in-kind donation drop off directly.

Amazon Wishlist: https://smile.amazon.com/hz/charitylist/ls/RH07AIKBNGII/ref=smi_ext_lnk_lcl_cl",,,,,,,,,,,,,,,,,,,checked,,,,,,,,,,,,,,,,,,,,,checked,https://agatemn.org/donate/ ,,,,,,,,checked,,checked,,,"5-BUS-(1 block),14-BUS-(1 block),19-BUS-(1 block),94 Express-BUS-(1 block),353 Express-BUS-(1 block),363 Express-BUS-(1 block),721 Ltd Stop-BUS-(1 block),CLine-BUS-(1 block)",
ICA Food Shelf,1/11/2024 11:01pm,West Suburbs,"11588 K-Tel Dr, Minnetonka, MN 55343",44.9136270,-93.4265252,"ICA has historically served residents of Hopkins, Minnetonka, Excelsior, Shorewood, Deephaven, Greenwood, and Woodland. However, residency/documentation is not required: https://www.icafoodshelf.org/make-an-appointment

Open to receive donations: 
Monday: 10:00am - 6:30pm
Tuesday/Thursday: 10:00am - 3:30pm 
Wednesday: 9am - 3:30pm
Friday: 10am - 12pm
1st and 3rd Saturday of each month: 10am - 12pm

Open for distribution (by appointment):
Monday: 10am - 6:30pm
Tuesday: 10:00am - 3:30pm
Wednesday: 9:00am - 3:30pm
Thursday: 10:00am - 3:30pm
Friday: Closed
1st and 3rd Saturday of each month: 10am - 12pm

ICA's Food Shelf is a choice model food shelf, which means that when you visit ICA for a food appointment, you select the foods that you would like. Depending on the size of your household, you are able to choose a certain number of items from each section. Please call 952-938-0729 to make an appointment.

Emergency Bags are available without an appointment during operating hours at both ICA locations.

Some delivery is available - more info here: https://www.icafoodshelf.org/food

Also is a partner of People & Pets Together that helps families facing economic hardship by providing pet food to food shelves in the Minneapolis-St. Paul metropolitan area

Note: ICA does partner with local police.",no,----,,no,----,,,"Nonperishable foods, snacks, and household/cleaning products

More information here: https://www.icafoodshelf.org/donate-food","Please note, we cannot accept any home-canned or home-baked items.","(as of 01/2024)
Find volunteering info at https://www.icafoodshelf.org/volunteer-application",,,,,,,,,,,,,,,,,,,,,,,,,,,,,,,,,,,,,,,,,,,,,,,checked,,,,,"12-BUS-(1 block),612-BUS-(1 block)",
iHelp MarketSquare - City of Reconciliation Church,4/10/2024 10:52am,Frogtown,"900 Dale St North, St Paul, MN 55117",44.9685697,-93.1259965,"Free produce distribution every 
Tuesday and Thursday from 2:00pm-4:00pm.
This site requires all visitors to present an ID

Schedule an appointment outside normal hours at 651-488-4463Website: https://ihelpmarketsquare.com  ",no,----,,no,----,,,,,,,,,,,,,,,checked,,,,,,,,,,,,,,,,,,,,,,,,,,,,,,,,,,,,,,,,,,"65-BUS-(1 block),67-BUS-(2 blocks)",
In 'n' Out- NorthPoint,10/4/2023 12:09pm,Hawthorne,"710 W Broadway Ave, Minneapolis, MN 55411",44.9999522,-93.2886172,"Distributing syringes, works, naloxone, hygiene kits available on the following days:
- Tuesdays and Wednesdays: 2pm - 5pm
- Thursdays and Fridays: 11am - 5pm. 

HIV/HCV testing on Fridays by appointment only, call 612-267-0305 for an appointment. 

Free walk-in counseling available on-sight (no paperwork or intake, just walk in and talk) on Tuesday at 2-5pm and Fridays at 11am-5pm

Located in the Sanctuary Resource Center on the NW corner of Lyndale and West Broadway. Ring the bell for In 'n' Out, contact 612-543-4580 to confirm hours. ",no,----,,no,----,,,,,,,,,,,,,,,,,,,,,,,,,,,,,,,,,,,,,,,,,,,,,,,,,,checked,,,,,,,"22-BUS-(1 block),14-BUS-(2 blocks),30-BUS-(2 blocks)",
Harvest from the Heart/Incarnation Catholic Church/Sagrado Corazón de Jesús,12/30/2022 8:24pm,King Field,"3817 Pleasant Ave, Minneapolis, MN 55409",44.9338618,-93.2827276,"Come in and shop for FREE in our Food Center!
Tuesday through Friday: 11am - 4pm
Saturday: 10am - 1pm

Closed Sundays, Mondays, and national holidays.

Distribución de alimientos: Martes a Viernes 11-4 y Sabado 10-1

No appointment or documentation is necessary. / No requerimos una cita o identificación.
Call 612-822-2101 with questions. / Puede llamar a 612-822-2101 con preguntas.",no,never,,no,----,,,,,"(as of 12/2022) Yes, especially on Thursdays and Fridays, and especially bilingual (English/Spanish-speaking) volunteers. https://www.harvestfromtheheart.org/volunteer",,,,,,,,,,,,,,,,,,,,,,,,,,,,,,,,,,,,,,checked,https://www.eservicepayments.com/cgi-bin/Vanco_ver3.vps?appver3=wWsk24ZWJSTZKsGd1RMKlg0BDvsSG3VIWQCPJNNxD8upkiY7JlDavDsozUE7KG0nFx2NSo8LdUKGuGuF396vbRZwqrpumRGrHSdH88lRu3eXHubq5Z7ap5JVmPErc4ZeYHCKCZhESjGNQmZ5B-6dx-_JPDqk_8BVCKx3OJoYmmI=&ver=3,,,,,,,,,,,,,"23-BUS-(1 block),18-BUS-(2 blocks)",
Indigenous People's Task Force ••• By Appointment •••,4/5/2023 11:54am,Ventura Village,"1335 E 23rd St, Minneapolis, MN 55404",44.9598484,-93.2549752,"Harm reduction supplies including syringe exchange/needle exchange, works, Naloxone/Narcan available:
Monday, Wednesday, Friday: 1pm - 4pm.

What to expect:
The client will be met at the front door to our office. A staff member will ask for desired syringe size, prepare a package of sterile 
supplies including a week’s supply of syringes (50 needles), then
bring the bag outside for the client to pick up.Walk-ins are ok. Building is boarded up and doorbell not working, so please knock on door. If possible, text 651-808-3965 between the hours of 1 – 4 PM before arriving. 

HIV/Hep C/STI testing by appointment and walk-ins
Mon, Weds, and Fri 8:30am-4:30pm
Tues and Thurs 8:30am-12pm

Please call Barb at 612-834-7938 or Sam at 612-968-7891 to make an appointment for testing. More info and full list of supplies here: http://indigenouspeoplestf.org/syringe-exchange-program/

Donations can be made here: https://www.givemn.org/organization/Indigenous-Peoples-Task-Force ",no,----,,no,----,,,,,,,,,,,,,,,,,,,,,,,,,,,,,,,,,,,,,,,,,,,checked,https://www.givemn.org/organization/Indigenous-Peoples-Task-Force ,,,,,,,,,,,,,"67-BUS-(3 blocks),2-BUS-(3 blocks),14-BUS-(3 blocks)",
Indigenous Roots Cultural Arts Center,5/15/2024 9:58pm,Dayton's Bluff,"788 E 7th St, St Paul, MN 55106",44.9608391,-93.0677189,"Monthly food share with Sisters' Camelot: sharing food 
3rd Thursday of the month: 2pm-3pm or until it is gone.

Upcoming Dates 2024:
May 16

If you have clean paper grocery bags to donate, please bring those with you. Please bring a reusable shopping bag/box/cart/something sturdy to help you carry both the paper bag of groceries we pass out and the extra produce that is usually available in addition. Feel free to wear a mask if you wish, and please mask or stay home if you have symptoms of viral illness.

Si tiene bolsas de papel limpias para donar, tráigalas con usted por favor. Por favor traiga una bolsa de compras reutilizable/caja/carrito/algo duradero que le ayude a llevar tanto la bolsa de papel con los comestibles que repartimos y los productos adicionales que normalmente están disponibles además. Si lo desea, siéntase libre de usar una máscara y, por favor, cúbrase o quédese en casa si tiene síntomas de una enfermedad viral.

Would you like to donate, contribute, volunteer or have any questions?
Contact us: 
Info@indigenous-roots.org
651.395.7145
Donate:
https://www.paypal.me/IndigenousRoots",no,----,,no,----,,,"(as of 01/2024)
Paper bags - can be dropped off at any Sisters' Camelot foodshare or kitchen bus event",,,,,,,,,,,,,,,,,,,,,,,,,,,,,,,,,,,,,,,,,https://www.paypal.me/IndigenousRoots,,checked,,checked,,,,,,,,,"61-BUS-(1 block),74-BUS-(1 block)",
J. Selby's Free Plant-Based Community Meals,11/26/2023 10:46am,Summit-University,"169 Victoria St, St Paul, MN 55104",44.9463743,-93.1366808,"A free Community Bowl is available to anyone who needs it - every day, 11am - 8pm. Call 651-222-3263 to request an order, and it will be ready in about 15 minutes. If you need to feed a large group, email info@jselbys.com. 

https://www.jselbys.com/faq",no,----,,no,----,,,,,,,,,,,,,,,,,,,,,,,,,,,,,,,,,,,,,,,,,,,,,,,,,,,,checked,,,,,21-BUS-(1 block),
Jericho Road - Food Shelf,9/14/2022 10:51am,Powderhorn,"1628 E 33rd St, Minneapolis, MN 55407",44.9432334,-93.2508090,"Open for distribution  
Monday - Thursday: 1:30pm-4:30pm 

Site receives food from Second Harvest Heartland and The Food Group. 
Also offers gas cards, bus cards, and vouchers for State IDs, Drivers Licenses, and Birth Certificates.",no,----,,no,----,,,,,,,,,,,,,,,,,,,,,,,,,,,,,,,,,,,,,,,,,,,,,,,,,,,,checked,,,,,"14-BUS-(1 block),22-BUS-(2 blocks)",
Jericho Road - Free Produce Distribution from Second Harvest Heartland ,9/14/2022 10:51am,Powderhorn,"1646 E 33rd St, Minneapolis, MN 55407",44.9429338,-93.2505914,"Food and fresh produce distributed every 
Friday: 10am-11:30am

They will be open all year and all seasons with the exception of these holidays: 1/1. They receive food from Second Harvest Heartland and The Food Group. They also offer gas and bus cards and vouchers for State ID's, Driver Licenses, and Birth Certificates.",no,----,,no,----,,,,,,,,,,,,,,,,,,,,,,,,,,,,,,,,,,,,,,,,,,,checked,https://www.jerichoroad.us/,,,,,,,,,,,,,"14-BUS-(1 block),22-BUS-(3 blocks)",
Joyce Uptown Food Shelf •••By Appointment•••,4/10/2024 11:53am,South Uptown,"3041 Fremont Ave S, Minneapolis, MN 55408",44.9468461,-93.2956027,"-We are currently booking appointments 4 weeks out.
To schedule an appointment, call 612-825-4431

Client Choice Shopping Appointments available: 
Monday: 10am-4:45pm
Tuesday: 9am-4:45pm
Wednesday: 12pm-4:45pm
Thursday: 11am-6:45pm
Saturday: 9am-1:45pm

You can pick up a food bag during our shopping hours even without an appointment! Pre-packed emergency bags available during all open hours.

This model offers each person food choices in a small grocery store-style food shelf. We try to stock items for special diet needs.

Donations can be dropped off on: 
Fridays from 9am-1pm",no,----,,no,----,,,"Paper grocery bags with handles; any non-expired, shelf-stable food; household items like cleaning and personal care products. More info here: https://www.joyceuptownfoodshelf.org/take-action",,Find volunteering info at http://www.joyceuptownfoodshelf.org/,,,,,,,,,,,,,,,,,,,,,,,,,,,,,,,,,,,,,,checked,http://www.joyceuptownfoodshelf.org/,,,,,,,,checked,,,,,"21-BUS-(1 block),23-BUS-(1 block),612-BUS-(1 block),12-BUS-(2 blocks),17-BUS-(2 blocks),6-BUS-(2 blocks)",
Justice Frontline Aid •••By Appointment•••,6/14/2024 5:44pm,,"514 N 3rd St, Minneapolis, MN 55401",44.9858611,-93.2763193,"Summer needs: Bottled water and Gatorade
Raising monetary donations for equipping and maintaining a sound truck. Also looking for a car detailer; cleaning and painting. 

Accepting donations by appointment! DM Justice Frontline Aid to coordinate drop-off times: 
Facebook: https://www.facebook.com/justicefrontlineaid/
Email: justicefrontlineaidcrew@gmail.com 
Website: https://www.justicefrontlineaid.org/ 

As the needs of the community shift we are doing our best to meet it and our volunteers where they are at. We are working on outfitting a sound truck that can be requested along with supplies for demonstrations around the Twin Cities. 

Website: https://www.justicefrontlineaid.org/ ",no,----,,no,not today,,water and gatorade ,"Currently there are three ways to give:

1. For a one time donation you can send money via Paypal.  Justicefrontlineaidcrew@gmail.com

2. For recurring donations we use Donately. Set up a repeating gift and donation by following the following link and setting your amount: https://pages.donately.com/justicefrontlineaid/campaign/justice-frontline-aid/ 

3. If you'd like arrange a tie to make a supply donation, email or FB message 
Everyone is welcome to email anytime they have questions about our current donation needs! We deeply appreciate every gift, no matter the size, as they all help to empower us to aid & equip the fight for justice. ",Medical supplies,"Yes! People interested in helping drive or do support for the sound and supply truck. 

For more info: send an email to Justicefrontlineaidcrew@gmail.com and let us know a little about yourself.",,,,,,,,,,,,,,,,,,,,,,,,,,,,,,,,,,,,,checked,checked,https://pages.donately.com/justicefrontlineaid/campaign/justice-frontline-aid/,,,,,,,,checked,,checked,,,"14-BUS-(1 block),3-BUS-(2 blocks)",
Life Center,7/19/2023 12:27pm,Ventura Village,"1812 Park Ave, Minneapolis, MN 55404",44.9647723,-93.2656627,"Community lunch served 1:15-2pm on Sunday afternoons after 

If you would like to volunteer to plan, prepare, and serve that Sunday meal, you'll find information here: https://www.changingourcity.org/sunday-shelter-meal

Life Center website: https://www.changingourcity.org/index.html  
 ",no,----,,no,----,,,"(as of 01/2023) personal hygiene items, seasonal clothing, office supplies, new socks and underwear - see detailed list here: https://www.changingourcity.org/gifts-in-kind-donations",,(as of 01/23) Yes - find info here: https://www.changingourcity.org/voluteering-opportunities,,checked,,,,,,,,,,,,,,,,,,,,,,,,,,,,,,,,,,,,checked,https://loavesandfishesmn.networkforgood.com,,,,,,,,checked,,,,,"9-BUS-(1 block),2-BUS-(3 blocks)",
Food Shelf-in-a-Box at Antioch Community Church,4/10/2024 10:50pm,Logan Park,"1121 Jackson St NE, Minneapolis, MN 55413",44.9994765,-93.2497413,"Free grocery pickup
Tuesdays, 11am - 1pm

Corner of Jackson St NE and Broadway St NE at back garage door.",no,----,,no,----,,,,,,,checked,,,,,,,,,,,,,,,,,,,,,,,,,,,,,,,,,,,,checked,https://loavesandfishesmn.networkforgood.com,,,,,,,,checked,,,,,"17-BUS-(2 blocks),30-BUS-(2 blocks),10-BUS-(2 blocks)",
Loaves and Fishes: Bethel Lutheran Church,5/3/2023 8:23pm,East St. Paul,"411 Main Street, Palisade, MN 56469",46.7130004,-93.4883770,"To-go meals served Mondays and Thursdays, 11:30am-12pm
*Closed 5/29 and 6/19*

Email: jtodd@loavesandfishesmn.org 
https://www.loavesandfishesmn.org/community-meal-sites/bethel-lutheran-church/  ",no,----,,no,----,,,,,,,checked,,,,,,,,,,,,,,,,,,,,,,,,,,,,,,,,,,,,checked,https://loavesandfishesmn.networkforgood.com,,,,,,,,checked,,,,,,
Brooklyn United Methodist Church (West African Family Community Services) ,5/3/2023 8:46pm,NW Suburbs,"7200 Brooklyn Blvd, Brooklyn Center, MN 55429",45.0852668,-93.3415195,"Loaves and Fishes meals are served Monday, Wednesday, and Friday 12:00pm-1:00pm 
*Closed 5/29 and 6/19*

Meals are served curbside outside the single door facing the east side of the parking lot.
https://www.loavesandfishesmn.org/community-meal-sites/brooklyn-united-methodist-church/

West African Family & Community Services: 
Monday-Friday 10am-4:30pm 
Fresh and pantry food items, including West African items.
https://www.facebook.com/West-African-Family-Community-Services-BUMC-101490208182022/ ",no,----,,no,----,,,"West African food (Fufu, Gari, Red Oil, Black Eyed Peas)",,"(as of 12/2022)
Loaves and Fishes: Yes! Sign up: https://www.signupgenius.com/go/10c0d44a5ab2fa1fa7-brooklyn 

West African Family & Community Services: No volunteers needed at this time.",,checked,,,,,,,,,,,,,,,,,,,,,,,,,,,,,,,,,,,,checked,https://loavesandfishesmn.networkforgood.com,,,,,,,,checked,,,,,"723-BUS-(1 block),761-BUS-(2 blocks)",
Loaves and Fishes: Brunswick United Methodist Church,12/23/2022 3:50pm,West Suburbs,"6122 North 42nd Ave, Crystal, MN 55422",45.0329821,-93.3582150,"To-go meals served: 
Wednesday, 5:30-6:30pm

Where to go: outside the main door on the back side of the building off the parking lot

https://www.loavesandfishesmn.org/community-meal-sites/brunswick-united-methodist-church/",no,----,,no,----,,,,,(as of 12/2022) Yes: https://www.signupgenius.com/go/10c0d44a5ab2fa1fa7-brunswick1#/,,checked,,,,,,,,,,,,,,,,,,,,,,,,,,,,,,,,,,,,checked,https://loavesandfishesmn.networkforgood.com,,,,,,,,checked,,,,,"716-BUS-(1 block),717-BUS-(1 block),764-BUS (1 block)",
Loaves and Fishes: Dorothy Day Center,3/6/2023 10:06am,Downtown St. Paul,"435 Dorothy Day Pl, St. Paul, MN 55102",44.9476600,-93.1029400,"Meals served daily: 4:30-5:30pm.

Site coordinator: John Gambino
Contact: 612-204-8485 
https://www.loavesandfishesmn.org/community-meal-sites/dorothy-day-center/",no,----,,no,----,,,,,(as of 12/2022) Not at this time,,checked,,,,,,,,,,,,,,,,,,,,,,,,,,,,,,,,,,,,checked,https://loavesandfishesmn.networkforgood.com,,,,,,,,checked,,,,,"480 Express-BUS-(2 blocks),21-BUS-(2 blocks),63-BUS-(2 blocks)",
Loaves and Fishes: Easter Lutheran (Easter By the Lake),5/3/2023 8:47pm,South Suburbs,"4545 Pilot Knob Rd, Eagan, MN 55122",44.7913116,-93.1680041,"Meals served: Monday – Thursday, 5:30 – 6:30 PM
*Closed 5/29 and 6/19*

Please do NOT to go to the building located at 4200 Pilot Knob Rd. Loaves and Fishes’ meals are served at the corner of Pilot Knob and Cliff. Hybrid meal service with to-go and in-person dining options. To-go meals are served at the front doors of the church (2 white double doors).
https://www.loavesandfishesmn.org/community-meal-sites/easter-lutheran-easter-by-the-lake/

Email: Easterlutheran@loavesandfishesmn.org",no,----,,no,----,,,,,"(as of 12/2022) Yes, for several different slots on several different days. Ages 14+. Please sign up here: https://www.signupgenius.com/go/10c0d44a5ab2fa1fa7-easter",,checked,,,,,,,,,,,,,,,,,,,,,,,,,,,,,,,,,,,,checked,https://loavesandfishesmn.networkforgood.com,,,,,,,,checked,,,,,,
Loaves and Fishes: Esther's Kitchen (Christ United Presbyterian Church),5/3/2023 8:48pm,East St. Paul,"400 West Lyon St, Marshall, MN 56258",44.4497120,-95.7900420,"To-go meals served Monday-Thursday, 5:30-6:30pm.
*Closed 5/29 and 6/19*

Email: esthers@loavesandfishesmn.org 
https://www.loavesandfishesmn.org/community-meal-sites/esthers-kitchen-christ-united-presbyterian-church/",no,----,,no,----,,,,,"(as of 12/2022)
Yes - info and signup here: https://www.signupgenius.com/go/10c0d44a5ab2fa1fa7-esthers",,checked,,,,,,,,,,,,,,,,,,,,,,,,,,,,,,,,,,,,checked,https://loavesandfishesmn.networkforgood.com,,,,,,,,checked,,,,,,
Loaves and Fishes: Faith United Methodist Church,1/18/2024 12:45am,South Suburbs,"1530 Oakdale Ave, West St. Paul, MN 55118",44.9000000,-93.0700400,"Meals Served: 
3rd Wednesday of each month, 5:30-6:30pm

Email: pastor.marianne.ozanne@gmail.com or dscopatz@gmail.com
https://www.loavesandfishesmn.org/community-meal-sites/faith-united-methodist-church-wsp/",no,----,,no,----,,,,,(as of 6/2023) Yes: https://www.signupgenius.com/go/10c0d44a5ab2fa1fa7-faith2,,checked,,,,,,,,,,,,,,,,,,,,,,,,,,,,,,,,,,,,checked,https://loavesandfishesmn.networkforgood.com,,,,,,,,checked,checked,,,,,
Loaves and Fishes: First Lutheran Church,5/3/2023 8:49pm,East St. Paul,"107 2nd St SE, Aitkin, MN 56431",46.5278649,-93.7056712,"To-go meals served: Monday and Thursday 5pm - 5:30pm and Tuesday 12pm-12:30pm
*Closed 5/29 and 6/19*

Email: jtodd@loavesandfishesmn.org 
https://www.loavesandfishesmn.org/community-meal-sites/first-lutheran-church/
",no,----,,no,----,,,,,,,checked,,,,,,,,,,,,,,,,,,,,,,,,,,,,,,,,,,,,checked,https://loavesandfishesmn.networkforgood.com,,,,,,,,checked,,,,,,
Loaves and Fishes: Fridley United Methodist Church,2/8/2024 12:18am,NW Suburbs,"680 Mississippi St NE, Fridley, MN 55432",45.0857826,-93.2534156,"Meals served: 
Every 4th Saturday from 11:30am-12:30pm 

https://www.loavesandfishesmn.org/community-meal-sites/fridley-united-methodist-church/",no,----,,no,----,,,,,,,checked,,,,,,,,,,,,,,,,,,,,,,,,,,,,,,,,,,,,checked,https://loavesandfishesmn.networkforgood.com,,,,,,,,checked,,,,,,
Loaves and Fishes: Holy Rosary Catholic Church,5/3/2023 8:50pm,East Phillips,"2424 18th Ave S, Minneapolis, MN 55404",44.9586542,-93.2489202,"Meals served 
Monday-Thursday 5:15pm-6:15 pm. 
*Closed 5/29 and 6/19*

Look for the doorway on 18th Ave. S on the east side of the building.

Website: https://www.loavesandfishesmn.org/community-meal-sites/holy-rosary-catholic-church/",no,----,,no,----,,,,,"(as of 12/2022) Yes, volunteers needed for cooking (2:30pm - 5:00pm) and serving & clean up (4:45pm - 7pm). Sign up at: https://www.signupgenius.com/go/10c0d44a5ab2fa1fa7-holy",,checked,,,,,,,,,,,,,,,,,,,,,,,,,,,,,,,,,,,,checked,https://loavesandfishesmn.networkforgood.com,,,,,,,,checked,,,,,"22-BUS-(2 blocks),14-BUS-(3 blocks)",
Loaves and Fishes: Hope Presbyterian Church,5/3/2023 8:50pm,South Suburbs,"7132 Portland Ave, Minneapolis, MN 55423",44.8733002,-93.2686358,"To-go meals served Monday - Friday 5pm-6pm
*Closed 5/29 and 6/19*

Phone: 612-869-7700
Email: hopechurch@loavesandfishesmn.org 
Website: https://www.loavesandfishesmn.org/community-meal-sites/hope-presbyterian-church/",no,----,,no,----,,,,,(as of 12/2022) Yes - info/signup here: https://www.signupgenius.com/go/10c0d44a5ab2fa1fa7-hope#/,,checked,,,,,,,,,,,,,,,,,,,,,,,,,,,,,,,,,,,,checked,https://loavesandfishesmn.networkforgood.com,,,,,,,,checked,,,,,"5-BUS-(1 block),553-BUS-(1 block)",
Loaves and Fishes: Mount Olivet Lutheran Church (Minneapolis),12/23/2022 4:07pm,Lynnhurst,"5025 Knox Ave S, Minneapolis, MN 55419",44.9116556,-93.3019923,"To- go meals served:
Thursdays, 4:00-5:30pm

Contact: smcnamee@mtolivet.org 
Website: https://www.loavesandfishesmn.org/community-meal-sites/mount-olivet-lutheran-church/",no,----,,no,----,,,,,(as of 12/2022) Not at this time,,checked,,,,,,,,,,,,,,,,,,,,,,,,,,,,,,,,,,,,checked,https://loavesandfishesmn.networkforgood.com,,,,,,,,checked,,,,,"4-BUS-(2 blocks),46-BUS-(2 blocks)",
Loaves and Fishes: Great Is Thy Faithfulness (Previously New Bethel Church),5/3/2023 8:49pm,Hawthorne,"1115 N 30th Ave, Minneapolis, MN 55411",45.0111526,-93.2939752,"Meals served: Monday-Friday 5:30pm-6:30pm. 
*Closed 5/29 and 6/19*

Enter through the big red doors at the front of the church along N Emerson Ave.

https://www.loavesandfishesmn.org/community-meal-sites/great-is-thy-faithfulness/",no,----,,no,----,,,,,"(as of 12/2022) 
Yes, volunteers needed to serve and clean up (4:30-7:30pm). Sign up at https://www.signupgenius.com/go/10c0d44a5ab2fa1fa7-river or email volunteer@loavesandfishesmn.org",,checked,,,,,,,,,,,,,,,,,,,,,,,,,,,,,,,,,,,,checked,https://loavesandfishesmn.networkforgood.com,,,,,,,,checked,,,,,"5-BUS-(1 block),32-BUS-(2 blocks)",
Loaves and Fishes: Our Redeemer Lutheran Church,12/23/2022 3:17pm,East Side,"1390 Larpenteur Ave E, St Paul, MN 55109",44.9915663,-93.0421599,"Meals served 
Wednesdays 5:30pm - 6:30pm 

https://www.loavesandfishesmn.org/community-meal-sites/our-redeemer-lutheran-church/
",no,----,,no,----,,,,,"(as of 12/2022) Yes, on Wednesday nights:
https://www.signupgenius.com/go/70a0f49afaf2da4f94-loaves",,checked,,,,,,,,,,,,,,,,,,,,,,,,,,,,,,,,,,,,checked,https://loavesandfishesmn.networkforgood.com,,,,,,,,checked,,,,,64-BUS-(1 block),
Loaves and Fishes: Peace House,5/3/2023 8:51pm,Whittier,"1816 Portland Ave, Minneapolis, MN 55404",44.9646811,-93.2679725,"To-go meals served
Monday-Friday 5:00-6:00pm
*Closed 5/29 and 6/19*

Email: peacehouse@loavesandfishesmn.org
Email: office@loavesandfishesmn.org 
https://www.loavesandfishesmn.org/community-meal-sites/peace-house-community/",no,----,,no,----,,, ,,(as of 12/2022) Yes. Sign up at https://www.signupgenius.com/go/10c0d44a5ab2fa1fa7-peace  ,,checked,,,,,,,,,,,,,,,,,,,,,,,,,,,,,,,,,,,,checked,https://loavesandfishesmn.networkforgood.com,,,,,,,,checked,,,,,"9-BUS-(1 block),2-BUS-(2 blocks)",
Loaves and Fishes: Pine Mountaineer Senior Center,12/23/2022 4:38pm,East St. Paul,"131 Wood St North, Backus, MN 56435",46.8277974,-94.5181428,"Meals Served: 
Thursdays, 4:00-5:30pm

Phone: 218-947-3844 (or Brian Chaffee at 218-820-1961) 
https://www.loavesandfishesmn.org/community-meal-sites/pine-mountaineer-senior-center/
",no,----,,no,----,,,,,,,checked,,,,,,,,,,,,,,,,,,,,,,,,,,,,,,,,,,,,checked,https://loavesandfishesmn.networkforgood.com,,,,,,,,checked,,,,,,
Loaves and Fishes: Plymouth Covenant Church,4/12/2023 7:49pm,West Suburbs,"4300 Vicksburg Ln N, Plymouth, MN 55446",45.0329370,-93.4806567,"Meals served:
Saturdays: 5:30pm – 6:30pm
*CLOSED 5/6*

https://www.loavesandfishesmn.org/community-meal-sites/plymouth-covenant-church/",no,----,,no,----,,,,,"(as of 12/2022) Yes, volunteers needed Saturday evenings: https://www.signupgenius.com/go/30e0d4caaaf23a75-loaves ",,checked,,,,,,,,,,,,,,,,,,,,,,,,,,,,,,,,,,,,checked,https://loavesandfishesmn.networkforgood.com,,,,,,,,checked,,,,,"774 Express-BUS-(1 block),776-BUS-(1 block)",
Loaves and Fishes: River Heights Vineyard Church,5/3/2023 8:51pm,SE Suburbs,"6070 Cahill Ave E, Inver Grove Heights, MN 55076",44.8604081,-93.0441085,"Meals served: Monday – Thursday, 5:30 – 6:30 PM. 
*Closed 5/29 and 6/19*

Hybrid meal service with to-go and in-person dining options. To-go meals are served in front of the double set of double doors facing the parking lot.

Email: riverheights@loavesandfishesmn.org 
https://www.loavesandfishesmn.org/community-meal-sites/river-heights-vineyard-church/",no,----,,no,----,,,,,(as of 12/2022) Yes! Info/signup here: https://www.signupgenius.com/go/10c0d44a5ab2fa1fa7-river4#/,,checked,,,,,,,,,,,,,,,,,,,,,,,,,,,,,,,,,,,,checked,https://loavesandfishesmn.networkforgood.com,,,,,,,,checked,,,,,68-BUS-(1 block),
Loaves and Fishes: Riverview Church,5/3/2023 8:52pm,East St. Paul,"310 Norway Ave, Pine River, MN 55403",46.7190298,-94.4008027,"Meals Served: 
Mondays, 4:00-6:00pm
*Closed 5/29 and 6/19*

Contacts:
Riverview Church: 218-587-2021
Brian Chaffee: 218-820-1961

https://www.loavesandfishesmn.org/community-meal-sites/riverview-church/",no,----,,no,----,,,,,,,checked,,,,,,,,,,,,,,,,,,,,,,,,,,,,,,,,,,,,checked,https://loavesandfishesmn.networkforgood.com,,,,,,,,checked,,,,,,
Serenity Village Community Church,1/4/2023 8:10pm,NW Suburbs,"4100 Douglas Dr N, Crystal, MN 55422",45.0298763,-93.3595932,"Grocery pickup every Friday, 9:30am-2pm (by appointment only - appointments must be made less than 7 days in advance)

To-go meals will be available through Loaves and Fishes every Friday from 5pm-6pm.

Please visit www.svcc.as.me to schedule an appointment for Curbside Grocery Pickup.
NOTE: Please come only at your scheduled time and be prepared to wait a little bit in line. 

If you have any questions setting up a Curbside Grocery pickup appointment or registering for an event please call our main line at 763.533.3929.",no,----,,no,----,,,,,"(as of 12/2022) Yes. If you would like to volunteer at Serenity Shelf, please contact us at: contact@serenityvillagecc.org, or 763–533-3929.
(No volunteers needed for Loaves and Fishes at this time)",,checked,,,,,,,,,,,,,,,,,,,,,,,,,,,,,,,,,,,,checked,https://loavesandfishesmn.networkforgood.com,,,,,,,,checked,,checked,,,"716-BUS-(1 block),717-BUS-(1 block),764-BUS (1 block)",
Loaves and Fishes: St. Matthew's Catholic Church,5/3/2023 8:54pm,West Side,"510 Hall Ave, St Paul, MN 55107",44.9305500,-93.0865700,"Meals served Monday-Friday 5:00pm-6:00pm
*Closed 5/29 and 6/19*

Hybrid meal service with to-go and in-person dining options. To-go meals served in the SE parking lot off W Robie St., near door #5.
https://www.loavesandfishesmn.org/community-meal-sites/st-matthews-catholic-church/",no,----,,no,----,,,,,"(as of 12/2022)
Yes. Sign up here: https://www.signupgenius.com/go/10c0d44a5ab2fa1fa7-stmatthews",,checked,,,,,,,,,,,,,,,,,,,,,,,,,,,,,,,,,,,,checked,,,,,,,,,checked,,,,,"62-BUS-(1 block),75-BUS-(2 blocks)",
Loaves and Fishes: St. Gabriel's Catholic Church (St. Joseph Campus),11/26/2023 10:39am,West Suburbs,"1310 Main St, Hopkins, MN 55343",44.9237970,-93.4170819,"Meals served: 
Saturday, Sunday, Monday, Tuesday: 5:30 – 6:30 PM

Meals are served out of the East Door off 13th Avenue S.

Email: stgabriel@loavesandfishesmn.org
https://www.loavesandfishesmn.org/community-meal-sites/st-gabriels-catholic-church-st-joseph-campus/",no,----,,no,----,,,,,(as of 12/2022) Yes; info/signup here: https://www.signupgenius.com/tabs/13576d60fa2cfefc17-western,,checked,,,,,,,,,,,,,,,,,,,,,,,,,,,,,,,,,,,,checked,https://loavesandfishesmn.networkforgood.com,,,,,,,,checked,,,,,"12-BUS-(1 block),612-BUS-(1 block),670 Express-BUS-(1 block)",
Loaves and Fishes: St. John's Lutheran Church,5/3/2023 8:53pm,SW Suburbs,"119 8th Ave W, Shakopee, MN 55379",44.7915168,-93.5260150,"To-go meals served Monday, Tuesday, Thursday, Friday 5:30 – 6:30 PM. Walk up or drive up on 8th Ave.
*Closed 5/29 and 6/19*

https://www.loavesandfishesmn.org/community-meal-sites/st-johns-lutheran-church/",no,----,,no,----,,,,,(as of 12/2022) Yes - info and signup here: https://www.signupgenius.com/go/10c0d44a5ab2fa1fa7-stmarks,,checked,,,,,,,,,,,,,,,,,,,,,,,,,,,,,,,,,,,,checked,https://loavesandfishesmn.networkforgood.com,,,,,,,,checked,,,,,497-BUS-(1 block),
Loaves and Fishes: St. Olaf Lutheran Church,12/23/2022 4:18pm,Jordan,"2901 N Emerson Ave, Minneapolis, MN 55411",45.0097456,-93.2946937,"Free produce for distribution every Saturday at 11:00am!

https://www.loavesandfishesmn.org/programs-2/produce-market/ ",no,----,,no,----,,,,,,,checked,,,,,,,,,,,,,,,,,,,,,,,,,,,,,,,,,,,,checked,https://loavesandfishesmn.networkforgood.com,,,,,,,,checked,,,,,"5-BUS-(1 block),32-BUS-(3 blocks)",
Loaves and Fishes: St. Philip's Lutheran Church,12/23/2022 3:57pm,NW Suburbs,"6180 Hwy 65 NE, Fridley, MN 55432",45.0806134,-93.2435734,"Free Community Meal: 
Wednesday, 5:30-6:30pm. To-go meals served at Door 1. 
For additional Community Supper information, please visit: https://splcmn.org/outreach/

St. Philip's Food & Clothing shelf hours of operation:
Tuesdays: 10:00am - 11:30am
Wednesday: 5:00pm - 6:30pm
Friday: 10:00am - 11:30am

St. Philip’s Food & Clothing Shelf has reopened its doors to inside service! We are now in our newly expanded space in Rooms 16 and 17, with entrance through Door 3.

Visitors are welcome to receive two bags of food and one bag of clothing every 30 days per family/household. Masks and safe distancing is required. If you don’t have a mask a volunteer will supply one during check-in.

Learn more at: https://splcmn.org/outreach/ ",no,----,,no,----,,,,,,,checked,,,,,,,,,,,,,,,,,,,,,,,,,,,,,,,,,,,,checked,https://loavesandfishesmn.networkforgood.com,,,,,,,,checked,,,,,10-BUS-(3 blocks),
Loaves and Fishes: Woodlake Lutheran Church,11/26/2023 10:41am,South Suburbs,"2120 W 76th St, Richfield, MN 55423",44.8666455,-93.3065713,"To-go meals served: 
Saturday and Sunday 5:30-6:30 pm. 
Use the main entrance doors.

Email: woodlake@loavesandfishesmn.org
https://www.loavesandfishesmn.org/community-meal-sites/woodlake-lutheran-church/",no,----,,no,----,,,,,(as of 12/2022) Yes - info/signup here: https://www.signupgenius.com/go/10c0d44a5ab2fa1fa7-woodlake,,checked,,,,,,,,,,,,,,,,,,,,,,,,,,,,,,,,,,,,checked,https://loavesandfishesmn.networkforgood.com,,,,,,,,checked,,,,,"538-BUS-(1 block),4-BUS-(2 blocks),535-BUS-(1 block),539-BUS-(1 block),540-BUS-(1 block)",
Lyndale Manor,3/6/2023 10:52am,Near North,"600 18th Ave N, Minneapolis, MN 55411",44.9976083,-93.2874986,"Accepting donations 
Daily: 9:00am-3:00pm.
Distribution is to residents only. 

Contact: 
Jamie Peasley
Property Manager- Lyndale Manor
Phone: 612-344-2292",no,----,,no,----,,"(as of 1/26) cleaning products (lysol, bleach, cleaning wipes), glucerna and other meal replacement shakes.","(as of 1/26) poise pads, incontinence briefs, tuck pads, diabetic supplies, wound care supplies, cleansing/hygiene wipes, eye drops, unscented lotions and creams, Tylenol/pain relievers, diabetic meal replacements, paper towels, microwavable meals, boost/ensure, Glucerna shakes and other meal replacement drinks, juices (no tomato), nuts, instant grits, laundry detergent, dryer sheets, mops, brooms, cleaning / disinfecting products.","(as of 1/26) no food other than what is listed in ""accepting"" ",,,,,,,,,,,checked,,,,,,,,,,,,,,,,,,,,,,,,,,,,,,,checked,,,,,,,,,,,"22-BUS-(1 block),14-BUS-(1 block),30-BUS-(1 block)",
Masjid At-Taqwa Food Shelf,4/10/2024 12:24pm,,"1608 Como Ave, St Paul, MN 55108",44.9770872,-93.1682683,"Masjid At-Taqwa's monthly Food Shelf is open to all!
3rd Saturday of every month 12pm-1pm. 

Check Facebook page for any updates: https://www.facebook.com/masjid.attaqwa.mn",no,----,,no,----,,,,,"Yes. Volunteers should plan to be there at 11:00 am and stay till 2 pm for setup, distribution, and clean-up.",,,,,,,,,,,,,,,,,,,,,,,,,,,,,,,,,,,,,,,,,,,,,,,,,,,,"3-BUS-(1 block),84-BUS-(1 block),A Line-BUS-(1 block)",
Matthew 25 Free Food Distribution,5/2/2024 12:02am,NW Suburbs,"10506 Hanson Blvd NW, Coon Rapids, MN 55433",45.1598650,-93.3187164,"2nd Sunday of every month, 12pm-2pm: Free grocery distribution drive-thru.
Every Friday, 4-6pm (or while supplies last): bread & bakery giveaway.

Located in the Coon Rapids United Methodist Church parking lot on the corner of Hanson and CR Blvd. 
No requirements or data collection.
Everyone welcome, including walkers (no car needed).

Facebook page: https://www.facebook.com/SpiritofMatthew25/",no,----,,no,----,,,,,(as of 02/2023) Yes! Message @SpiritofMatthew25 on Facebook or Instagram if interested,,,,,,,,,,,,,,,,,,,,,,,,,,,,,,,,,,,,,,,,,,,,,,,checked,,,,,"850-BUS-(2 blocks),852-BUS-(2 blocks)",
Youthprise: McDonough Recreation Center,6/5/2024 7:54pm,North End,"1544 Timberlake Rd, St Paul, MN 55117",44.9876869,-93.0925941,"Free suppers and snacks for Saint Paul youth (18 and under) at the McDonough Recreation Center! (https://youthprise.org/nutritionprogram/)

Snacks: 
Monday-Friday: 4:00-4:30pm

Hot Supper:
Monday-Thursday: 5:30-6:00pm

Through a partnership with Youthprise, free suppers and snacks are available at McDonough Recreation Center for youth 18 years of age and under. Schedules are subject to change based on programming needs.",no,----,,no,----,,,,,,,,,,,,,,,,,,,,,,,,,,,,,,,,,,,,,,,,,,,,,,,,,,,,checked,,,,,68-BUS-(1 block),
Merrick Community Services Food Shelf (@ Gustavus Adolphus Lutheran Church),10/11/2023 10:05am,Payne-Phalen,"1669 Arcade St Suite 4, St Paul, MN 55106",44.9912954,-93.0670233,"Drive Thru Hours: 
Monday: 3:00 pm-5:00 pm
Tuesday: 10:00 am-12:00 pm
Door 2A

In Person Shopping Hours:
Wednesday: 10:00 am-12:00 pm
Thursday: 10:00 am- 12:00 pm
Door 3

Merrick’s Food Shelves are open to all Maplewood residents and Saint Paul residents who live in Merrick’s service area. Call 651-287-2088 for more information and to schedule an appointment for your food shelf visit. 

They also offer free career, family, and youth services - call 651-771-9339 to arrange an appointment. 

https://merrickcs.org/ ",no,----,,no,----,,,,,Yes. For more information visit our website https://merrickcs.org/volunteer/,,,,,,,,checked,,checked,checked,checked,,,,,,,,,,,,checked,checked,,,,,,,,,,,,,checked,https://www.givemn.org/story/Nourshingourneighbors,,,,,,,,,,,,,61-BUS-(1 block),
The Corner Shelf @ Woodland Hills Church,3/1/2023 9:26pm,East St. Paul,"1740 Van Dyke St, St Paul, MN 55109",44.9938326,-93.0209569,"Food shelf hours are every week
Wednesday-Thursday: 10:00am-11:30am

The Corner Shelf, Woodland’s food shelf, provides weekly distribution of fresh fruits, vegetables, meat and kitchen staples to the Greater Twin Cities area. Everyone is welcome, everyone will be served. All you need to provide is your name, address and date of birth upon arrival.",no,----,,no,----,,,,,(as of 03/2023) Yes! Info here: https://whchurch.org/volunteer_opp/foodshelf-volunteer/,,,,,,,,checked,,checked,checked,checked,,,,,,,,,,,,checked,checked,,,,,,,,,,,,,checked,https://www.givemn.org/story/Nourshingourneighbors,,,,,,,,checked,checked,,,,64-BUS-(1 block),
Metro Library at GFS,4/25/2022 6:44pm,Central,"3804 Chicago Ave, Minneapolis, MN 55407",44.9338765,-93.2628154,,no,----,,no,----,,,"(as of 9/19) Books from this list: https://www.redballoonbookshop.com/wishlist/410 
https://www.amazon.com/hz/wishlist/ls/2NEU5FLKYRTWW?ref_=wl_share&fbclid=IwAR1gd-pcTZf0fOt3KK5FdVTE25QW6o7hrRfyN6G15mmPxS4DY6n8XGvji_0 

When purchasing, please select in store pick up and a volunteer will deliver to the library. If there are any issues when purchasing please call Red Balloon Bookshop: (651) 224 8320

Toy wishlist: https://www.wishlist.com/mywishlists?uid=VL6Ma
Password to access the list is: PlayForAll",(as of 12/4 1:15pm) Dropped off donations,,,,,,,,,,,,checked,checked,,,,,,,,,,,,,checked,,,,,,checked,,,,,,,,,,,,,,,,checked,,,,,5-BUS-(3 blocks),
Minneapolis Central Church of Christ: •••By Appointment•••,4/11/2023 11:10pm,Harrison,"1922 N 4th Ave, Minneapolis, MN 55405",44.9817824,-93.3053450,"Emergency grocery distribution:
Tuesdays: By appointment only
Saturdays: 11:00am-2:00pm

Walk up or pull up and pop your car trunk. Everyone welcome, masks required. 

Tuesdays by appointment only, Call Bettie at (953)737-8592. ",no,----,,no,----,,,,,,,,,,,,,,,,,,,,,,,,,,,,,checked,,,,,,,,checked,,,,,,checked,https://www.mccofchrist.org/online-giving,,,,,,,,checked,,checked,,,9-BUS-(2 blocks),
Minneapolis Central Library - Warming Center & Youthprise Food Distribution,5/8/2024 11:54pm,Downtown West,"300 Nicollet Mall, Minneapolis, MN 55401",44.9802568,-93.2700336,"Library is available as a warming/cooling site during open hours:
Mondays, Tuesdays, Thursdays, Saturdays 9am-5pm
Wednesdays 12-8pm
Sundays 12-5pm

Youthprise snack distribution:
Monday - Thursday: 4pm - 6pm

Need help with housing, meals, benefits, etc.? Ask for more information at the first floor iDesk.

Library is not taking donations at this time.

Snack Pick-Up Instructions
1. To protect those around you, wear a mask or face covering while picking up meal packs, if possible.
2. Follow all the social distancing rules of pick-up.
3. Follow the posted or spoken rules of pick-up at your location.
4. Inform staff of the number of youth(s) you are picking up for. (1 bag per youth per week.)
A parent, guardian, or sibling can pick up meals for a child who cannot be present to pick up their food box. The adult or sibling should be prepared to show proof of the child’s identity. Acceptable forms of identiﬁcation include a school ID card, school report card, child care center records, or a photograph of a birth certificate.

Read more on how to protect yourself on the official CDC website: https://www.cdc.gov/coronavirus/2019-ncov/prevent-getting-sick/prevention.html ",no,----,,no,----,,,,,,,,,,,,,,,,,,,,,,,,,,,,,,,,,,,,,,,,,,,,,,,,,,,checked,,,,,,"4-BUS-(1 block),18-BUS-(1 block),17-BUS-(1 block),10-BUS-(1 block),6-BUS-(1 block),25N-BUS-(1 block),11-BUS-(1 block),12-BUS-(1 block),61-BUS-(1 block)",
Minnehaha UMC Food Shelf/MinneHarvest,5/8/2024 11:55pm,Minnehaha,"3701 E 50th St, Minneapolis, MN 55417",44.9122779,-93.2186973,"Free food distribution Tuesdays 10:00am-3:00pm, and one Saturday per month (usually the fourth Saturday) from 9am-10am.

All are welcome - primarily serves clients living between Cedar Ave W & the Mississippi River and between Highway 62 and Lake St, but no one will be turned away. https://minnehaha.org/foodshelf.html",no,----,,no,----,,,"The Minnehaha UMC Food Shelf is always accepting monetary donations. 

https://www.paypal.com/donate/?cmd=_s-xclick&hosted_button_id=4RYVM823H33LC&source=url ",,Yes! Volunteers needed every Tuesday and on MinneHarvest Saturdays. More info here: https://www.minnehaha.org/foodministries.html,,,,,,,,,,,,,,,,,,,,,,,,,,,,,,,,,,,,,,checked,https://www.paypal.com/donate/?cmd=_s-xclick&hosted_button_id=4RYVM823H33LC&source=url,,,,,,,,,,,,,7-BUS-(3 blocks),
MoveFwd (formerly Teens Alone) - Eisenhower Community Center,3/6/2023 11:39am,,"1001 Highway 7, Hopkins, MN 55305",44.9341490,-93.4124581,"MoveFwd (formerly Teens Alone) is here to serve young people and their families. 
Drop-in Center
Monday-Thursday: 9am-5pm
(Fridays by appointment only - call ahead, 952-988-8336)

After hours resources:
https://movefwdmn.org/get-help/after-hours-resources/

We provide:
- Barrier-free therapy to youth and families
- Housing assistance to young people who are experiencing or at risk for homelessness
- Housing program for young adults who are learning how to live on their own
- Drop-in center at Eisenhower Community Center for young people 15-24
- Outreach in the community to connect young people to housing and basic needs resources

http://movefwdmn.org/ ",no,----,,no,----,,,"We are now taking donations of new or gently used furniture. Please email regarding donations to program manager. A list of other requested items can be found here: https://movefwdmn.org/donate/

Financial donations: https://www.givemn.org/organization/Movefwd ",,"Adult Volunteer Opportunities:
We’re looking for volunteers with big hearts and open minds, who enjoy working with young people!  If that's you, here are some ways you can help:

Drop-in Volunteer (currently not needed):
On a weekly, or as needed basis, to work with another staff member in our Drop In Center with 15-24 year olds.  May include assisting young people with looking for employment, getting connected to housing, basic needs and food.  The shifts are Mon-Thurs 2:30-5:00.  If interested, please call Nikki at 952.988.5337

Provide a meal for our monthly support group:
Some of our young people meet once a month, and it includes a meal together.  If interested, please call Nikki at 952.988.5337

Development:
MoveFwd needs volunteers who know how to make our organization grow through cultivating new donors and developing relationships with local corporations who believe in our mission.  If interested call Rachel  952.988.4942

Communications:
We need people with excellent marketing, public relations, writing and/or social media skills to make sure our young people and community know about MoveFwd.  If interested call Rachel 952.988.4942

Governance & Nominating:
We need volunteers to ensure we find people who want to share their gifts with MoveFwd and provide general oversight to Board of Director governance.  If interested call Rachel  952.988.4942

Check out the website, contact Ashley at our partnering agency, Avenues for Homeless Youth,  or call 612-522-1690",,,,,,,checked,,,,checked,,,,,,,,,,,checked,,,,,,,,,,,,,,,,,https://www.givemn.org/organization/Movefwd,,,,,,,,,,checked,,,615-BUS-(3 blocks),
Native American Community Clinic (NACC),4/10/2024 10:49am,Ventura Village,"1213 E Franklin Ave, Minneapolis, MN 55404",44.9620758,-93.2567200,"Hours:
Mon - 8:30 am–5:00 pm
Tues - 9:30 am–5:00 pm
Wed - 8:30 am–5:00 pm
Thurs - 8:30 am–5:00 pm
Fri - 8:30 am–5:00 pm
Sat - Closed
Sun - Closed
Lobby closed every day 12:45pm-1:45pm.
NACC is now has exchange hours on Mondays in the Old Dollar Tree Part of their building! 

The clinic provides medical and dental health, as well as social services, community health, and COVID-19 testing. COVID-19 evaluation and testing are free, other services are billed on sliding scale. Call (612) 843-5900 for sliding fee policy. 

We are not currently accepting walk-ins. Please call us at (612) 872-8086 to schedule an appointment. 
https://nacc-healthcare.org/services

Syringes, Works, Naloxone, Hygiene kits, free HIV testing, Free Hep C Testing, COVID vaccines and boosters, Hep A vaccines available on Monday between 11:30am-2:00 pm from Twin Cities Syringe Exchange",no,----,,no,----,,,,,,,,,checked,,,,,,,,,,,checked,,,,,,checked,,,,,,,,,,,,,,,,,,,,,,,,,,,,,,,"2-BUS-(3 blocks),9-BUS-(3 blocks),67-BUS-(3 blocks)",
NCBC Food Shelf New Creation Baptist Church ,9/12/2022 7:19pm,Northrop,"1414 E 48th St, Minneapolis, MN 55417",44.9162559,-93.2540214,"Distributing pre-packed boxes and bags of food on the first four Saturdays of the month from 10:00am-2:00pm, or until they run out.  

The food shelf is closed on the fifth Saturday of any month with five weekends.  

Open to all Twin Cities residents, walk-ins welcome. ",no,----,,no,----,,,,,"Yes, sign up here https://newcreationbaptistchurchmn.org/food-shelf",,,,,,,,,,,,,,,,,,,,,,,,,,,,,,,,,,,,,,checked,https://newcreationbaptistchurchmn.org/give/,,,,,,,,,,,,,14-BUS-(2 blocks),
NEAR Food Shelf,4/10/2024 12:32pm,NW Suburbs,"5209 W Broadway Ave, Crystal, MN 55429",45.0479852,-93.3583499,"Food pickups are scheduled 
Monday-Friday 1:00pm to 4:30pm      
  
Individuals or families in our service area may call (763) 533-2836 between         9:00am. to 3:00pm. weekdays to schedule a same day appointment. Food         pickup appointments are scheduled between 1:00pm to 4:20pm Monday-            Friday. Clients are allowed to visit NEAR twice a month. 

Through a cooperative effort of twelve area churches, volunteers provide food relief to residents of Crystal, New Hope, Robbinsdale and attendees of all member churches. For problems beyond the ability of NEAR volunteers to handle, referrals are made to the appropriate agency.",no,----,,no,----,,,(as of 01/2023) Shelf-stable food and household/personal hygiene items,"(as of 01/2023) Furniture, housewares","(as of 01/2023) YES! To volunteer call (763) 533-2836 between 9:00 a.m. and 4:30 p.m. Monday through Friday, and ask to speak to the Food Shelf Manager.

Volunteers are needed in the morning and afternoon in various areas at the food shelf and at special events.",,,,,,,,,,,checked,,,,,,checked,,,,,,checked,,,,,,,,,,,,,,,checked,https://www.givemn.org/organization/North-Suburban-Emergency-Assistance-Response,,,,,,,,,,,,,716-BUS-(1 block),
Neighborhood House: Wellstone Center / El Rio Vista Community Center,5/11/2024 10:49pm,West Side,"179 Robie St E, St Paul, MN 55107",44.9309295,-93.0768341,"Food for ages 18 and under through Youthprise: snacks from 2pm-4pm Monday through Friday and a hot dinner 5pm-6pm Monday through Thursday.

In-person Food Market shopping hours (as of January 2024):
Monday: 1pm - 4pm
Tuesday - Friday: 9:00am-11:30am and 1:00-3:30pm
3rd Saturday of each month: 10am-2pm
Pre-registration is required! See details below about making an appointment.
-----
Fresh Produce Distribution
Every 2nd and 4th Wednesday (July - October): 1:30pm - 3pm
From July to October, you can come pick up a variety of free fruits and vegetables for your family and friends. The distributions are held outdoors and are farmer’s market style. Events are open to all. No documentation or identification is required to participate.
No Pre-registration required.
-----

To make an appointment, please call 651-789-3602 between 9am-4pm, Monday through Friday. You can also book online: https://outlook.office365.com/owa/calendar/WellstoneCtrFoodMarket@neighb.org/bookings/

We do not require ID and individuals from any zip code can visit the Food Market.

More detailed Food Market Info: https://neighborhoodhousemn.org/programs/food-support/ 

If you are in need of SNAP assistance please contact Paw Khee at (651) 789-2520 or email pkhee@neighb.org. More info here: https://neighborhoodhousemn.org/programs/food-support/snap-naps/

Small food donations can be dropped off during open hours. If you are interested donating a carload or more of food, or in holding a food drive for one of our food markets, please call the Food Market phone number 651-789-3630.",no,----,,no,----,,,"(as of 11 April 2024) 
See website for current needs and info: https://neighborhoodhousemn.org/ways-to-give/in-kind-giving/

See above link and scroll down for current wishlist(s).
Wish list: https://neighborhoodhousemn.org/wp-content/uploads/Food-Support-Wish-List_12.08.22.pdf 

Email or Call directly to arrange drop-off for large / bulk donations: 
fooddrive@neiborhoodhousemn.org
651-789-3630",,(as of 01/2024)  Yes! See opportunities here: http://neighb.org/support/volunteer/ ,,,,,,,,checked,,,checked,,,,,,checked,,,checked,,,,,,,,,,,,,,,,,,,,,,,,,,,checked,checked,,,,"71-BUS-(2 blocks),68-BUS-(2 blocks)",
"Neighbors, Inc. ••• By Appointment Only •••",6/1/2024 12:38am,South Suburbs,"222 Grand Ave W, South St Paul, MN 55075",44.8930641,-93.0369265,"Food Shelf: 
Monday-Friday: 9:00am-4:00pm
Third Saturday of each month: 10 a.m. until noon.
By Appointment 

Clothes Closet:
Monday-Friday 9:00am- 4:00 pm
Third Saturday of each month: 9 a.m. until noon, offers a special 50% off sale on all clothing.

Donation Hours:
Same as weekly food shelf (9:00am-4:00pm); ring the doorbell next to the garage door on the lower level.

-You do not need to provide documents or other verification; registration is done completely over the phone (651-455-5000)
-We will register your household and schedule in-person shopping, curbside pick-up, or food delivery (for homebound people experiencing transportation or medical challenges).
-For urgent requests, ask to speak with a client engagement specialist

Donation Limit of 5 bags/boxes and bags/boxes cannot exceed 40lbs.
Items must be unloaded independently (Clothes Closet can provide carts for vehicle-to-store transfers)

Neighbors serves the northern Dakota County communities of Inver Grove Heights, South St. Paul, West St. Paul, Mendota Heights, Mendota, Sunfish Lake, and Lilydale.

More info: https://www.neighborsmn.org/services/food-shelf/",no,not today,,no,not today,,"Seasonal surplus fresh produce! (fruits, vegetables, or herbs)","Amazon wishlist: https://www.amazon.com/hz/wishlist/ls/304MS078WKN61/ 
Clothing: all sizes (women, men, children, baby) & seasons; accessories; footwear
Kitchenware: dishes, utensils/silverware, pots and pans, towels, food storage containers, tablecloths
Bathroom: towels & washcloths
Bedding: sheets & blankets
","Anything not listed in ""accepting."" ","Yes! 
-Clothes Closet Donation Attendant (ongoing)
-Holiday Gift Program (seasonal)
-Fundraising Events

Go through the Volunteer Portal here: https://www.neighborsmn.org/volunteer-portal/",,,,,,,,,,,,,,,,,,,,,,,,,,,,,,,,,,,,,,checked,https://www.neighborsmn.org/donate/,,,,,,,,,,checked,,,"68-BUS-(2 blocks),71-BUS-(2 blocks)",
New Creations Ministries Mother Jeanette Frazier Food Shelf,3/22/2023 10:37am,Hale,"5144 13th Ave S, Minneapolis, MN 554179",44.9091608,-93.2567125,"New Creations Ministries Mother Jeanette Frazier Food Shelf provides a 3 day supply of food to households in the Minneapolis, St. Paul and surrounding communities.

FOOD GIVEAWAY TONS OF MEAT EVERY MONDAY 
HOME COVID TEST KITS AVAILABLE 

Distribution Mondays 6pm - 7pm

Receiving donations at back door (closest to 13th Ave S).
Monday & Wednesday: 6pm-9pm
Saturday: 10am-12pm

Donations can be delivered to the back door, (the door closest to 13th Ave S) and monetary donations can be mailed to our mailing address or by Givlifly.

Call Brenda Granison at 612-202-0739  to make sure someone is there.

No documentation required.

For individual or group volunteer information call our Volunteer Coordinator Brenda Granison at 612-202-0739.
Website: http://newcreationsministries.com/food-shelf/ ",no,----,,no,----,,,"'- Non-perishable food items
- Fresh produce (including home-grown)
- Baby food, formula
- Personal care items:
-- Deodorant
-- Shaving lotion and razors
-- Shampoo/Conditioner
-- Soap
-- Toothpaste
- Laundry Detergent",,"(as of 6/8, per website) Yes, please call our Volunteer Coordinator Brenda Granison at 612-202-0739. Volunteers are needed to help stock shelves and work with clients to obtain food donations.",,,,,,,,,,,,,,,,,,,,,,,,,,,,,,,,,,,,,,checked,https://www.givelify.com/givenow/1.0/NjQ3Mg==/selection,,,,,,,,checked,,,,,5-BUS-(3 blocks),
North Anoka County Emergency Food Shelf & Clothes Closet,12/7/2022 9:42pm,,"18511 Hwy 65 NE, Suite 200, East Bethel, MN 55011",45.3055049,-93.2332050,"Monday 9am-1pm and 5:30-7:30pm
Tuesday 5pm-8pm
Wednesday 1pm-5pm
Thursday 9am-12pm

North Anoka County Emergency Food Shelf & Clothes Closet serves residents of Bethel, Cedar, East Bethel, Ham Lake, Linwood Township, Oak Grove, St. Francis, Stacy, and Wyoming in Anoka County. Visitors may come once per calendar month. 

Besides the food shelf and clothes closet, programs include birthday bags for youth, weekend and summer meal packs, and more! Details here: https://nacefoodshelf.org/programs/

All produce from the Food Shelf needs to be distributed before closing on the weekends. Call between 12pm and 2pm on Thursdays to see what’s available, no registration required.
 https://nacefoodshelf.org/.

If you or someone you know would benefit from our Home Delivery program, please contact us to discuss eligibility requirements and availability. Call 763-434-7685 to get started today.",no,----,,no,----,,,"(as of 9/14) Financial donations strongly preferred: https://nacefoodshelf.org/donate/

For food donations, please call 763-434-7685 to schedule or stop by during distribution hours. For clothing donations, see info listed here: https://nacefoodshelf.org/programs/clothing-closet/

Amazon Wishlist: https://www.amazon.com/gp/registry/wishlist/2GQSSC35RRH1B",,Find volunteering info at https://nacefoodshelf.org/volunteer/,,,,,,,,,,,,,,,,,,,,,,,,,,,,,,,,,,,,,,checked,https://www.givemn.org/organization/North-Anoka-County-Emergency-Foodshelf,,,checked,checked,,,,,,,,,,
North Minneapolis Pet Resource Center,12/8/2023 10:06pm,Webber-Camden,"1401 44th Ave N, Minneapolis MN 55412",45.0352423,-93.2972430,"Tuesday and Thursday evenings: 5-8 pm  
Saturdays (by appointment only): 11am-2pm

Our program supports community members experiencing financial stress without income or residency requirements and our team of community based volunteers are able to supply our neighbors with pet food, supplies and resources.

Here are a few reminders at the time of your appointment:
- Masks are required to enter. 
- 2 households at a time. 
- We will have a wait list on our door & will call you when an advocate is available. Delivery is available on Saturday for homebound and COVID positive community members in North Minneapolis. 

Schedule an appointment using the ""Sign up"" button on our Facebook page: Facebook.com/NMPRC, by using our website (Mypitbullisfamily.org/nmpr), or by calling 763-273-0710 and leaving a voice mail.

Free Spay/Neuter Clinics for Pitbulls & Pit mixes: https://saveabullmn.org/fix-your-pit/?fbclid=IwAR3ed_XJt-cz0mJz1NfjNSEt9tRZ0coY_QWtFSH2f81623D2P4bHk5fDrt8 ",no,----,,no,----,,"(as of 4/15) canned cat food, canned dog food, clumping cat litter, dry puppy food

Cuddly: https://cuddly.com/pantry/4901998/north-minneapolis-pet-resource-center

Amazon: 
https://www.amazon.com/hz/wishlist/ls/VXDVT969VFED

Target wishlist:
https://www.target.com/gift-registry/gift/nmprc ","unopened and non-expired pet food, including canned dog food, canned cat food, 4-6lb dry cat food, puppy food, kitten food. Pet supplies, including poop bags and cat litter (20lb and 40lb).

Financial donations also accepted and very appreciated: mypitbullisfamily.org/donate

Target wishlist:
https://www.target.com/gift-registry/gift/nmprc 

Amazon wishlist: https://www.amazon.com/hz/wishlist/ls/VXDVT969VFED",,"Yes!
Shifts are available Tuesday & Thursday evenings from 4:30 - 8:30 pm & Saturday 10:30 am - 2:30 pm. 
Other remote volunteer opportunities available - visit our website for more details. 
Mypitbullisfamily.org/volunteer ",,,,,,,,,,,,,,,,,,,,,,,,,,,,,,,,,,,,,,checked,https://www.mypitbullisfamily.org/donate/,,,,,,,,checked,,,,,"5-BUS-(1 block),721 Ltd Stop-BUS-(1 block)",
North Side Blessings,12/27/2023 12:20am,Jordan,"3111 Russell Ave N, Minneapolis MN 55411",45.0126386,-93.3110560,"Monday-Saturday Receiving donations: 9:00am-6:00pm.
Distributing: 1:00pm-5:00pm.
Drop off donations in the back.

@NSBlessings-77
PayPal: nsblessings77@gmail.com
Cash app: $syllyme",no,----,,no,----,,,"(as of 7/11) toilet paper, laundry soap, shampoo and conditioner, all gender personal hygiene needs, snacks, socks, for all ages and genders.
Hair products for textured hair, deodorant, liquid body wash, hand soap, hand sanitizer (mini and regular sizes), toothbrushes, toothpaste, toilet paper, tissue, garbage bags, Lysol disinfectant, sleeping bags and tents.

Baby oil, baby shampoo, baby powder, baby lotion, diapers (newborn - 6), baby wipes, kids toothbrushes and toothpaste.

Peanut butter, jelly, mac & cheese, fruit snacks, cooking oil, granola bars, juice boxes, water, crackers, chicken, brats, hot dogs, charcoal, water.","(as of 7/11) No expired food, please!",,,,,,,,,,,,,,,,,,,,,,,,,,,,,,,,,,,,,,,checked,https://www.facebook.com/NorthSideBlesings/,,,,,,,,checked,,,,,"19-BUS-(1 block),32-BUS-(1 block)",
NorthPoint Health and Wellness Center Food Shelf,9/27/2023 11:30am,Willard-Hay,"1835 Penn Ave N, Minneapolis, MN 55411",44.9984372,-93.3084982,"Food Shelf: Monday-Thursday: 11:00am-4:00pm (intake closes at 3:30pm)
Daily Express Mart: Mon-Thu, 9am-11am

Donate food Monday through Friday, 9:00am-5:00pm.
If you expect to bring in a large amount, please call ahead at 612-767-9175.

If you are sick, you must stay home. Masks available on request!

An ID is helpful but not required. You may visit the food shelf once per calendar month (anytime during a month). Items include meat, dairy, bread, and other food, hygiene, cleaning supplies, and pet food.",no,----,,no,----,,"Peanut butter, canned tuna and meat, diapers, razors, shaving cream","Monetary donations preferred. Donations can be made at https://northpointhealth.org/donate

Information about hosting a food drive can be found here: https://northpointhealth.org/helping-our-neighbors/support-everyday-life/community-food-shelf/support-food-shelf",,"(as of 01/2023) Yes, ages 18+. Info and application here: https://www.northpointhealth.org/becoming-a-volunteer",,,,,,,,,,,,,,,,,,,,,,,,,,,,,,,,,,,,,,checked,https://northpointhealth.org/donate,,,,checked,,,,checked,checked,,,,"14-BUS-(1 block),30-BUS-(1 block),CLine-BUS-(1 block)",
NorthStar Youth Outreach Center,7/14/2022 8:41pm,,"3001 White Bear Ave #2006, Maplewood, MN 55109",45.0314245,-93.0219876,"24-hour resource and crisis line at 612-825-0000.
Drop-in center open
Wednesday-Friday, 11am-3pm
Saturday, 1-4pm
 
Youth and young adults between the ages 10-24 of all genders and their children can access the following services:

- Advocacy, safety planning and connections to a range of additional community resources
- Counseling
- Housing, computer lab, career and educational assistance- Food and snacks
- Shower and laundry
- Supplies and clothing- Creative art spaces


The center is staffed by volunteers and located at the Maplewood Mall, 3001 White Bear Ave, Maplewood, MN 55109 - Suite 2006.
Please call 651-748-4010 for more details. 
A regularly-updated program guide is available here: https://www.tubman.org/get-help/youth-programs/northstar.html ",no,----,,no,----,,,,,For volunteer information: https://www.tubman.org/give-help/volunteerintern/,,,,,,,,,,,,,,,,,,,,,,,,,,,,,,,,,,,,,,,,,,,,,,,,,,,,"54-BUS-(1 block),64-BUS-(1 block),80-BUS-(1 block),219-BUS-(1 block),270-BUS-(1 block)",
"Greater Mt. Nebo MBC, Minneapolis",4/19/2022 12:23am,Willard-Hay,"1530 Russell Ave N Minneapolis, MN 55411",44.9949809,-93.3103472,"**Please take COVID-19 precautions by wearing masks and practicing social distancing.  

To schedule a time to drop off donations, please contact (612) 978-3750.",no,----,,no,----,,"(as of 12/13) toilet paper, paper towels, bar soap, laundry soap, essential household items","(as of 12/13) reusable grocery bags, water (in small bottles and gallons), ketchup, mustard, mayo, Miracle Whip, flour, sugar, cooking oil, salt, pepper, onion powder, garlic powder, canned potatoes, juice, aspirin, rubbing alcohol, bandaids, diaper cream, baby wash, baby shampoo, razors, shaving cream, baby food, baby formula, diapers in all sizes, pull-ups, Ensure, milk (whole and half gallons, whole or 2%), frozen chicken, frozen ground beef, frozen turkey, eggs, butter, yogurt or Go-gurt, fresh vegetables, fresh fruit, baking soda, cereal, bread, tortillas, white rice (small bags), beans (black, pinto, kidney, etc), mac and cheese, pasta, pasta sauce (no glass jars!), canned fruit, canned vegetables, canned meat, peanut butter (no glass jars), jelly (no glass jars!), cake mix, brownie mix, cookies, fruit snacks, corn meal, seasonings (black pepper, salt, baking soda), mac and cheese, butter, all kinds of pet food, bath tissue, paper towels, toilet paper, all-purpose cleaner, dish soap, laundry detergent, face masks, hand sanitizer, hand soap, bar soap, hair products for textured hair, deodorant, lotion, toothpaste, toothbrushes, pads, tampons ",,,,,,,,,,,,,,,,,,,,,,,,,,,,,,,,,,,,,,,,checked,https://www.supportthecities.com/donate,,,,,,,,checked,,,,,219-BUS-(3 blocks),
Oasis for Youth - Drop in Center,5/18/2022 8:19pm,SW Suburbs,"2200 W Old Shakopee Rd, Bloomington, MN 55431",44.8196494,-93.3082845,"Youth drop-in hours: Monday and Wednesday-Friday 2-5 pm

Resource Center Hours:
•••By Appointment Only•••
M-F: 9am-5pm

Oasis for Youth operates a Drop-In resource center for youth ages 16-24 who live, work, or attend school in Bloomington, Richfield and Edina (though no youth in need are turned away.) Oasis for Youth meets the needs of Youth through individualized case management, connections to resources , improved access to services and supports and assistance with basic needs. All of our services are free of charge. 

Youth are met by volunteers or a case manager.

Offered at the Resource Center:
-Free clothes closet and hygiene/personal care products
-Food resources including weekly trip to VEAP
-Laundry and showers
-computer lab and internet access
-job-search assistance and educational support
-transportation assistance
-on site mental health counseling by Headway
-on site legal aid by youth law project",no,----,,no,----,,,(as of 5/18) See wishlists and donation info here: https://www.oasisforyouth.org/donations,,,,,checked,,,,checked,checked,,,checked,,,,,checked,checked,,,,checked,checked,checked,checked,checked,,,,,,,,,,,,,checked,https://www.oasisforyouth.org/financial-donations,,,,,checked,,,,,,,,"539-BUS-(1 block),597-BUS-(2 blocks)",
Open Hands Midway,10/11/2023 10:09am,Midway,"423 N Roy St, St Paul, MN 55104",44.9540456,-93.1683437,"Meal service times: 
Mondays & Wednesdays: 12pm-2pm

Food shelf
2nd and 4th Tuesday of each month: 12pm-2pm

Please join us for our FREE weekly community meals. A hot meal is served on Monday and a bagged lunch is served on Wednesday.  
Those using our food shelf must fill out an eligibility form once per calendar year. Face coverings/masks are required to be worn by all when in attendance.

You may call 651-646-6549 ext. 4 with any questions you may have about donations or to make sure someone is available to receive your donations and bring them into the facility. Always make sure someone physically accepts your donation. Please do not leave any donations at our doors. Donations left at our doors will be disposed of as we will not know where they came from. ",no,----,,no,----,,"Baked beans
Boxed mashed potatoes
Boxed cereal
Crackers (Saltines, Ritz, ect)
Kleenex
Noodle side dishes
Paper towels (packs of 2-3)
Pasta side dishes
Rice 
Rice side dishes
Shampoo (medium bottles)
Spaghetti sauce
Soups (Chunk and Progresso preferred)
Vegetable oil","Laundry Soap/Laundry Pods
Pet Food: Bags or Cans
Plastic Tarps (6' x 6')
Sleeping Bags
Travel size soap, shampoo, lotion, conditioner and toothpaste
Women's Hygiene Items: Pads & Tampons
Non perishable food items, canned meat, boxed cereal, etc. See list here: https://www.openhandsmidway.org/food-shelf ","Clothing and household donations, canned vegetables, macaroni & cheese dinners, frozen juices, bagged cereal, bagged potatoes
","Find volunteering info at https://www.openhandsmidway.org/volunteering 

We need volunteers during Monday and Wednesday meals from 9:30/10:00am to 3:00pm! ",,,,,,checked,,,,,,,,,,,,,,,,,,,,,,,,,,,,,,,,,,,,,checked,,,,checked,checked,,,,16-BUS-(3 blocks),
Youthprise: Palace Recreation Center,6/5/2024 7:54pm,West Seventh,"781 Palace Ave, St Paul, MN 55102",44.9293910,-93.1327227,"Free suppers and snacks for Saint Paul youth (18 and under) at the Palace Recreation Center! (https://youthprise.org/nutritionprogram/)

Snacks:
Monday-Thursday: 3-4pm

Supper: 
Monday-Thursday 5-6pm

Through a partnership with Youthprise, free suppers and snacks are available at Palace Recreation Center for youth 18 years of age and under. Schedules are subject to change based on programming needs.",no,----,,no,----,,,,,,,,,,,,,,,,checked,,,,,,,,,,,,,,,,,,,,,,,,,,,,,,,,,,,,,,,,,74-BUS-(2 blocks),
Parent to Parent Networking,2/7/2024 10:36am,West Suburbs,1201 West Broadway Minneapolis Minnesota 55411,44.9989758,-93.2964778,"Ongoing need for winter clothing items (hats, gloves, coats)

Schedule a donation time by email or phone; call John Martin at 763-485-0469/email JohnMartinC1970@gmail.com to arrange for a pickup in metro area.",no,----,,no,never,,"Bottled water
Personal hygiene items (tissues, paper towels, masks toothbrushes, toothpaste, etc.)
Gloves
Hats
Socks
Hand-warmers
Gently-used coats (all sizes)","Bottled water
Personal hygiene items (tissues, paper towels, masks toothbrushes, toothpaste, etc.)
Gloves
Hats
Socks
Hand-warmers
Gently-used coats (all sizes)",,,,,,,,,,,,,,,,,,,,,,,,,,,,,,,,,,,,,,,,,,,,,,,,,,,,,,"9-BUS-(3 blocks),663 Express-BUS-(3 blocks)",
PCs for People - R2 Electronic Recycling Center,2/7/2024 12:17pm,South Suburbs,"2492 Doswell Ave, St Paul, MN 55108",44.9806679,-93.2048230,"Hours: 
Monday-Friday: 9am-4pm

PCs for People provides free pick up and recycling of electronic waste from businesses, educational and governmental organizations. PCs for People has both NAID AAA and R2 certifications, meaning your data is protected through strict adherence to the highest standards of information destruction, hard drive sanitization, and all recycling is environmentally responsible. PCs for People accepts nearly all electronic waste - including  computers, peripherals, monitors, cables, drives, and more. 

Schedule a pick-up or drop off with this form: https://www.pcsforpeople.org/schedule-a-pickup/ If you have questions or concerns, please e-mail recycle@pcsforpeople.org. ",no,----,,no,----,,,"(as of 03/2023)
See https://www.pcsforpeople.org/ewaste-pickup-and-removal/ 
- Desktop and Laptop Computers
- Systems with Core 2 processors or newer will be refurbished
- Pentium 4 and older will be recycled
- CRT Monitors (Limited quantities accepted at $0.55 per pound)
- TVs (Limited quantities accepted at $0.55 per pound)
-  Functional LCD, LED and Plasma Monitors
- Non-Functional LCD Monitors
- Keyboards and Mice
- Printers
- Speakers
- Hard Drives, Memory and Miscellaneous Computer Parts
- Power Cords
- Laptop Batteries
- Cables
- Servers and Network Equipment
- Modems and Routers
- Copiers and Plotters (Accepted at $0.25 per pound)
- Any electronic recycling
","(as of 03/2023)
- Any household appliances (e.g microwaves, refrigerators, vacuums)
- Any fossil fuel or materials used in collecting fossil fuels.
- Any infectious or biological wastes or equipment that contained them.
- Any media contaminated with oil.
- Any liquid.
- Any chemicals, oils, or powders.
- Any equipment that contains chemicals of any kind.
- Any equipment that contains asbestos.
- Any equipment that contains radioactive components
- Any equipment that contains Freon.
- Any materials that would adversely impact our operations or result in environmental or health problems.

",Not currently,,,,,,,,,,,,,,,,,,,,,,,,,,,,,,,,,,,,,,checked,https://pcsforpeople.z2systems.com/np/clients/pcsforpeople/donation.jsp?campaign=8&&test=true,,,,,,,,,,,,,,
PCs for People Mankato,7/14/2022 8:39pm,Mankato,"107 E Walnut St, Mankato, MN 56001",44.1661700,-94.0033640,"PCs for People provides refurbished tech to low-income households
Monday-Friday: 10:00am-5:00pm

Services include low-cost desktop & laptop computers, computer accessories, internet devices and subscriptions, computer repairs, digital learning, and individual electronics drop-off.

To receive technology and services from PCs for People, a potential recipient must be below the 200% poverty level or be currently enrolled in an income-based government assistance program. For both in-store and online orders, a recipient must have available: 1. A photo ID  2.Eligibility proof document dated within the last 6 months (unless it is an annual document, like a tax return) with the recipient's name printed on the proof. More information: https://www.pcsforpeople.org/get-technology/ ",no,----,,no,----,,,,,Yes. Fill out this form: https://docs.google.com/forms/d/e/1FAIpQLSfoX1gNleKD9CZ4DwxmCwd2j0_7J2866yK1FOrtZB9TdtkRjw/viewform or contact volunteer@pcsforpeople.org with questions.,,,,,,,,,,,,,,,,,,,,,,,,,,,,,,,,,,,,,,checked,https://pcsforpeople.z2systems.com/np/clients/pcsforpeople/donation.jsp?campaign=8&&test=true,,,,,,,,,,,,,,
PCs for People St. Paul,8/30/2023 12:30pm,Midway,"1481 Marshall Ave, St Paul, MN 55104",44.9487100,-93.1630239,"PCs for People provides refurbished tech to low-income households 
Monday-Friday: 10:00am-5:30pm
Saturday: 9:00am-4:00pm

Services include low-cost desktop & laptop computers, computer accessories, internet devices and subscriptions, computer repairs, digital learning, individual electronics drop-off, volunteer opportunities. 

To receive technology and services from PCs for People, a potential recipient must be below the 200% poverty level or be currently enrolled in an income-based government assistance program. For both in-store and online orders, a recipient must have available: 1. A photo ID  2. Eligibility proof document dated within the last 6 months (unless it is an annual document, like a tax return) with the recipient's name printed on the proof. More information: https://www.pcsforpeople.org/get-technology/",no,----,,no,----,,,,,(as of 03/2023) Yes. Prospective volunteers can fill out this form https://docs.google.com/forms/d/e/1FAIpQLSfoX1gNleKD9CZ4DwxmCwd2j0_7J2866yK1FOrtZB9TdtkRjw/viewform or contact volunteer@pcsforpeople.org with questions.,,,,,,,,,,,,,,,,,,,,,,,,,,,,,,,,,,,,,,checked,https://pcsforpeople.z2systems.com/np/clients/pcsforpeople/donation.jsp?campaign=8&&test=true,,,,,,,,,,,,,"21-BUS-(2 blocks),84-BUS-(2 blocks),A-Line-BUS-(2 blocks)",
Secondhand Hounds Pet Food Shelf,11/1/2023 9:47pm,Powderhorn,"2501 Minnehaha Ave, Minneapolis, MN 55404",44.9571728,-93.2401914,"Chuck and Don's Pet Wellness Center,
In the Seward neighborhood.

Hours open for distribution: 
Tuesdays and Thursdays 5:30 p.m. - 8:30 p.m.
Saturdays 9:30 a.m. - 2:30 p.m.

Donations can be dropped off during office hours, or 24/7 in the dropbox behind building outside of office.

We provide dog and cat food, and pet care items, to individuals and families in crisis. (We may also have a limited supply of food for birds, fish, guinea pigs, rabbits and other companion animals.) 

No appointment necessary. During your first visit we will verify your address and determine eligibility. Please leave your pet at home.


Website: https://www.secondhandhounds.org/chuck-don-s-pet-center

Amazon wishlist: https://www.amazon.com/registry/wishlist/1BPSUB9TA6HPB/ref=cm_sw_r_cp_ep_ws_qtOeCb6HNQ8Y8 ",no,----,,no,----,,(8/8) wet cat food and wet dog food!,"(8/8) Donations of pet food (open bags are accepted), cat litter, and gently used pet supplies 

Amazon wishlist: https://www.amazon.com/registry/wishlist/1BPSUB9TA6HPB/ref=cm_sw_r_cp_ep_ws_qtOeCb6HNQ8Y8 

Chewy wishlist: https://www.chewy.com/g/people-pets-together_b92181939

Financial donations accepted at https://www.peopleandpetstogether.org/financial-donation/",,"(as of 8/8) Find volunteering info at
https://www.secondhandhounds.org/volunteer",,,,,checked,checked,,,,,,,,,,,,,,,,,,,,,,,,,,,,,,,,checked,https://www.peopleandpetstogether.org/financial-donation/,,,,,,,,,,,,,"14-BUS-(1 block),23-BUS-(2 blocks)",
People and Pets Together Donation Site - Apache Animal Hospital,5/10/2023 7:26pm,Waite Park,"2503 37th Avenue NE, Minneapolis, MN 55421",45.0359107,-93.2248715,"Donation site for People and Pets Together. Open 
M-F: 8am-4:30pm",no,----,,no,----,,,"(as of 05/2023) Donations of pet food (open bags are accepted), cat litter, and gently used pet supplies 

Amazon wishlist: https://www.amazon.com/registry/wishlist/1BPSUB9TA6HPB/ref=cm_sw_r_cp_ep_ws_qtOeCb6HNQ8Y8 

Chewy wishlist: https://www.chewy.com/g/people-pets-together_b92181939

Financial donations accepted at https://www.peopleandpetstogether.org/financial-donation/",,,,,,,,,,,,,,,,,,,,,,,,,,,,,,,,,,,,,,,,,,,,,,,,,,,,,,4-BUS-(2 blocks),
People and Pets Together Donation Site - Ark Pet Hospital,5/10/2023 7:27pm,North Suburbs,"151 Silver Lake Road NW, Suite 109
New Brighton, MN 55112",45.0510021,-93.2175282,"Donation site for People and Pets together
M-F: 8:30am-6pm
Saturday: 8:30am-1pm",no,----,,no,----,,,"(as of 05/2023) Donations of pet food (open bags are accepted), cat litter, and gently used pet supplies 

Amazon wishlist: https://www.amazon.com/registry/wishlist/1BPSUB9TA6HPB/ref=cm_sw_r_cp_ep_ws_qtOeCb6HNQ8Y8 

Chewy wishlist: https://www.chewy.com/g/people-pets-together_b92181939

Financial donations accepted at https://www.peopleandpetstogether.org/financial-donation/",,,,,,,,,,,,,,,,,,,,,,,,,,,,,,,,,,,,,,,,,,,,,,,,,,,,,,25-BUS-(3 blocks),
People and Pets Together Donation Site - Hudson Road Animal Hospital,5/10/2023 7:24pm,East Suburbs,"8154 Hudson Road, Woodbury, MN 55125",44.9477008,-92.9412037,"Donation site for People and Pets together.
Donations can be left during business hours:
Mon-Fri: 8am-5pm
Saturday: 8am-2pm
Sunday: Closed
",no,----,,no,----,,,"(as of 05/2023) Donations of pet food (open bags are accepted), cat litter, and gently used pet supplies ",,,,,,,,,,,,,,,,,,,,,,,,,,,,,,,,,,,,,,,,,,,,,,,,,,,,,,,
People and Pets Together Donation Site - Lake Harriet Veterinary,5/10/2023 7:28pm,East Harriet,"4249 Bryant Ave S, Minneapolis, MN 55409",44.9252722,-93.2905702,"Donation site for People and Pets together. Open 
Monday - Friday: 8am-6pm
Sat: 8am - 12:00pm",no,----,,no,----,,,"(as of 05/2023) Donations of pet food (open bags are accepted), cat litter, and gently used pet supplies 

Amazon wishlist: https://www.amazon.com/registry/wishlist/1BPSUB9TA6HPB/ref=cm_sw_r_cp_ep_ws_qtOeCb6HNQ8Y8 

Chewy wishlist: https://www.chewy.com/g/people-pets-together_b92181939

Financial donations accepted at https://www.peopleandpetstogether.org/financial-donation/",,,,,,,,,,,,,,,,,,,,,,,,,,,,,,,,,,,,,,,,,,,,,,,,,,,,,,4-BUS-(1 block),
People and Pets Together Donation Site - Minnehaha Animal Hospital,5/10/2023 7:29pm,Northrop,"4809 Chicago Avenue S, Minneapolis, MN 55417",44.9157158,-93.2623419,"Donation site for People and Pets together
Monday - Friday: 7:30am- 6pm
Saturdays: 9am-1pm ",no,----,,no,----,,,"(as of 05/2023) 
Donations of pet food (open bags are accepted), cat litter, and gently used pet supplies 

Amazon wishlist: https://www.amazon.com/registry/wishlist/1BPSUB9TA6HPB/ref=cm_sw_r_cp_ep_ws_qtOeCb6HNQ8Y8 

Chewy wishlist: https://www.chewy.com/g/people-pets-together_b92181939

Financial donations accepted at https://www.peopleandpetstogether.org/financial-donation/",,,,,,,,,,,,,,,,,,,,,,,,,,,,,,,,,,,,,,,,,,,,,,,,,,,,,,5-BUS-(1 block),
People and Pets Together Donation Site - Pet Doctors Animal Clinic,5/10/2023 7:30pm,Whittier,"25 East Franklin Avenue
Minneapolis, MN 55404",44.9625523,-93.2769335,"Donation site for People and Pets together. Open 
Monday - Friday: 8:30am-6pm 
Sat: 9am-1pm",no,----,,no,----,,,"(as of 05/2023) 
Donations of pet food (open bags are accepted), cat litter, and gently used pet supplies 

Amazon wishlist: https://www.amazon.com/registry/wishlist/1BPSUB9TA6HPB/ref=cm_sw_r_cp_ep_ws_qtOeCb6HNQ8Y8 

Chewy wishlist: https://www.chewy.com/g/people-pets-together_b92181939

Financial donations accepted at https://www.peopleandpetstogether.org/financial-donation/",,,,,,,,,,,,,,,,,,,,,,,,,,,,,,,,,,,,,,,,,,,,,,,,,,,,,,"2-BUS-(2 blocks),17-BUS-(2 blocks),18-BUS-(2 blocks)",
People and Pets Together Donation Site - Shamrock Animal Hospital,5/10/2023 7:23pm,SE Suburbs,"14390 South Robert Trail, Rosemount, MN 55068",44.7403018,-93.1255740,"Donation site for People and Pets together. Open 
Monday - Friday: 8am-6pm. ",no,----,,no,----,,,"(as of 05/2023) Donations of pet food (open bags are accepted), cat litter, and gently used pet supplies 

Amazon wishlist: https://www.amazon.com/registry/wishlist/1BPSUB9TA6HPB/ref=cm_sw_r_cp_ep_ws_qtOeCb6HNQ8Y8 

Chewy wishlist: https://www.chewy.com/g/people-pets-together_b92181939

Financial donations accepted at https://www.peopleandpetstogether.org/financial-donation/",,,,,,,,,,,,,,,,,,,,,,,,,,,,,,,,,,,,,,,,,,,,,,,,,,,,,,420-BUS-(2 blocks),
Pillsbury United Communities: Brian Coyle Center,1/25/2024 1:37am,Cedar Riverside,"420 15th Avenue South, Minneapolis, MN, 55454",44.9707032,-93.2506039,"Food Shelf Distribution:
Mondays, 12pm-6pm
Wednesdays, 12pm-4pm
Fridays, 12pm-4pm

Produce distribution:
Every 1st and 3rd Thursday of the month from 12pm-2pm

Regarding Food Shelf Distribution:
Free nutritious groceries for individuals and families.
Pre-filled pantry bags are available for pick-up at Brian Coyle Center during the usual food shelf operating hours. No appointment needed, but first-time visitors will be asked to complete a brief registration process. First-time visitors must bring an ID for themselves and their family members and complete a brief registration process.
https://pillsburyunited.org/programs/food-distribution/  

Regarding Produce Distribution:
Visitors must register in the morning and pick up their produce later in the day.
https://pillsburyunited.org/programs/produce-days/ ",no,----,,no,----,,,"(as of 2/2023)
Financial donations accepted: https://pillsburyunited.org/donate/",,,,,,checked,,,,,,checked,checked,checked,,,,,,,,,,,,checked,,,,,,,,,,,,,,checked,https://pillsburyunited.org/donate/,,,,checked,,,,,,,,,"2-BUS-(2 blocks),7-BUS-(2 blocks),22-BUS-(2 blocks)",
Pillsbury United Communities: Waite House Community Center,1/25/2024 1:56am,Ventura Village,"2323 11th Avenue South, Minneapolis, MN, 55404",44.9595900,-93.2572572,"To-Go Meals (Lunch):
Monday - Thursday: 11:00am - 12:30pm

Food Shelf Distribution:
Mondays: 12:00pm-4:00pm
Tuesdays: 10:00-12:00pm, 1:00pm-4:00pm
Thursdays: 10:00am-12:00pm, 1:00pm-4:00pm

Produce Distribution:
2nd & 4th Wednesday of the month: 10:00am-12:00pm

NAPS Program (Senior Boxes):
Free nutritional support box for adults 60+. Days and times vary. Call your neighborhood center for details. Registration required for first-time participants. Apply by calling 651-484-8241 

Regarding Food Shelf Distribution:
Free nutritious groceries for individuals and families.
Pre-filled pantry bags are available for pick-up at Waite House Community Center during the usual food shelf operating hours. No appointment needed, but first-time visitors will be asked to complete a brief registration process. First-time visitors must bring an ID for themselves and their family members and complete a brief registration process.
https://pillsburyunited.org/programs/food-distribution/  

Regarding Produce Distribution:
Visitors must register in the morning and pick up their produce later in the day.
https://pillsburyunited.org/programs/produce-days/`

Regarding Community / To-Go Meals: 
Free delicious and nutritious hot meals prepared fresh by experienced chefs and served in our family-friendly community cafes.
https://pillsburyunited.org/programs/cafe-meals/ 

Also is a partner of People & Pets Together that helps families facing economic hardship by providing pet food to food shelves in the Minneapolis-St. Paul metropolitan area",no,----,,no,----,,,"(as of 10/2023)
Financial donations accepted: https://pillsburyunited.org/donate/",,,,checked,,,,,,,,checked,checked,checked,,,,,,,,,,,,checked,,,,,,,,,,,,,,checked,https://pillsburyunited.org/donate/,,,,checked,,,,,,,,,"2-BUS-(3 blocks),9-BUS-(3 blocks),67-BUS-(3 blocks)",
PRISM,4/6/2024 10:26pm,West Suburbs,"1220 Zane Ave N, Golden Valley, MN 55422",44.9918688,-93.3551656,"PRISM food shelf: 
Monday-Wednesday: 10am - 4pm
Thursday: 11am - 7pm

2023 Fresh Produce Distributions:
Certain Tuesdays: 10am - 12pm
July 18
August 1
August 15
September 5
September 19
October 3

Donations accepted during Shop for Change business hours: 
M-W, F 9am - 5pm
Th 9am - 7pm
Sat 9am -3pm

PRISM is now a Naloxone Access Point (NAP), which provides free naloxone and fentanyl test strip kits to prevent opioid-related overdose.  To learn more about NAPs, where to find other NAPs, and about the Steve Rummler Hope Network, visit http://ow.ly/fUPe50MULXt 

Eligibility:
Individuals or families experiencing a short-term or long-term financial crisis.
Please call us if you have questions about eligibility or services: 763.529.1350.

No appointments needed - after a short meeting with a case manager, participants shop independently for free personal hygiene items and fresh/packaged groceries. Participants may visit once per week.

More information about PRISM's food program here: https://www.prismmpls.org/food

Delivery available through partnership with JCFS; call 952-542-4843 to arrange. 
PRISM on Facebook: https://www.facebook.com/PRISMmpls/ ",no,----,,no,----,,"Target Registry: https://ow.ly/fhQ150Ps0Jx 
","Food and hygiene items
New and gently used clothing and housewares 
New school supplies 
Flowers, catering services, and other event needs
Printing of annual reports, signs, and other materials
Photography, graphic design, and other pro-bono services
New office supplies, furniture, and equipment
Gift cards for staff and volunteer appreciation
Monetary and in-kind donations. Learn more here: www.prismmpls.org/donate

For more details about donation needs, check here for: 
• General guidelines: https://www.prismmpls.org/_files/ugd/c11538_c0cdaeb1ceaf49a595d30a7ca762c859.pdf 
• Clothes/household items: : https://8e41aa6d-1260-40f1-8bce-758fe8f1782d.filesusr.com/ugd/c11538_016c107018fe4ce5a90d4daf1f811c74.pdf
• Food & hygiene donations: https://8e41aa6d-1260-40f1-8bce-758fe8f1782d.filesusr.com/ugd/c11538_55645691c97d41dc8fe1c7196d96c353.pdf
• Amazon Wishlist for current needs: https://www.amazon.com/hz/wishlist/ls/2HPM09UR4RRK1/ref=nav_wishlist_lists_2","(as of 03/2023)
• Large electronics, televisions, VCRs, computer
equipment
• Furniture
• Exercise Equipment
• Building Materials 
• Vehicles/Bicycles
• Baby furniture and equipment
• Microwaves","(as of 03/2023) Yes!
We offer opportunities within our Marketplace Food Shelf, Shop for Change thrift shop, children's programs and at our front desk. 

More information here: https://www.prismmpls.org/volunteer",,,,,,,checked,checked,,,checked,,,,,,,,,,,,,checked,,,,,,,,,,,,,,checked,https://www.prismmpls.org/donate,,,,checked,checked,,,checked,,,,,"705-BUS-(2 blocks),755-BUS-(3 blocks)",
Progressive Baptist Church,2/1/2023 11:58am,Battle Creek,"1505 Burns Ave, St Paul, MN 55106",44.9490953,-93.0371221,"PBC Fishes and Loaves Food Shelf is available 
Saturdays: 10:30am-12:00pm in the church parking lot.

Vaccine connector and housing info here: https://www.progressivebaptistchurchmn.com/coronavirus",no,----,,no,----,,,,,,,,,,,,,,,,,,,,,,,,,,,,,,,,,,,,,,,,,,,,,,,,,,,,,,,,,70-BUS-(1 block),
RAAN: Duluth,5/12/2022 8:46pm,Duluth,"31 W 1st St, Duluth, MN 55802",46.7868267,-92.1005380,"Monday-Friday: 10:00am - 4:00pm 

Services include: syringes, naloxone, works, hygiene kits,

218-481-7225",no,----,,no,----,,,,,,,,,,,,,,,,,,,,,,,,,,,,,,,,,,,,,,,,,,,,,,,,,,,,,,,,,"10-BUS-(2 blocks),14-BUS-(2 blocks)",
RAAN: Mankato,9/21/2022 9:21pm,Mankato,"220 E Hickory St, Mankato, MN 56001",44.1647191,-94.0024045,"Services available Monday-Friday: 12:00pm-4:00pm. 

Services include: syringes, works, naloxone, hygiene kits, and free Hep C and HIV testing 

Located in the First Presbyterian Church of Mankato.  ",no,----,,no,----,,,,,,,,,,,,,,,,,,,,,,,,,,,,,,,,,,,,,,,,,,,,,,,,,,,,,,,,,"2-BUS-(3 blocks),10-BUS-(3 blocks)",
Rainbow Terrace / Minneapolis Public Housing Authority,5/10/2023 7:24pm,Near North,"1710 Plymouth Ave N, Minneapolis, MN 55411",44.9918610,-93.3025780,"Donations go to residents of Rainbow Terrace (low-income, elderly housing). 

There are 82 apartments and all items should be sized for a single household. 

When making donations please call ahead Mattie Henderson, the president of Rainbow Terrace, at (612) 407-5415 (call between 6pm-12am midnight). Always accepting pre-made meals for Mattie and her staff (6 meals - no dietary restrictions).",no,----,,no,never,,,,(1/8) No food requiring oven/stove for preparation,,,,,,,,checked,,,checked,,,,,,,,,,,,,,,,,,,,,,,,,,,,,,,checked,checked,,,,,,,,,,"7-BUS-(1 block),32-BUS-(1 block)",
Ralph Reeder Food Shelf •••By Appointment•••,3/6/2023 10:00am,,"2544 Mounds View Blvd, Mounds View, MN 55112",45.1066493,-93.2129425,"Accepting donations at donation barrels near back entrance 
Monday through Friday: 9:00am-12:00pm 

••• Distribution by appointment only •••
We are open Monday through Friday by appointment (day and evening shopping hours are available). Please call the food shelf appointment line at 651-621-6280 (Español: 651-621-6284) to schedule an appointment to receive food or fill out an appointment request form (available in English or Spanish from here: https://www.moundsviewschools.org/Page/2990). In-person shopping or drive-up service are options for everyone; delivery is available for seniors and disabled adults as well as school referrals.

The Ralph Reeder Food Shelf serves low income, food insecure adults, children and seniors living in the Mounds View Public School District as well as the Ramsey County portion of St. Anthony. 

Requested items to bring with you:
-ID for head of house 
-Proof of address for every adult in your household (mail, etc.)
-Identification for each child on the first visit only (birth certificate, medical ID card, report cards, etc.)

The Mounds View School District includes the following communities: New Brighton, Mounds View, Shoreview, North Oaks, Arden Hills, Northern Roseville, and small areas of Vadnais Heights.

https://www.moundsviewschools.org/Page/2990 ",no,----,,no,----,,,"(as of 9/21) Online donations preferred (for every dollar received, we can oftentimes purchase up to $10.00 worth of food).  If you choose to donate non-perishable food items, donation barrels are available at our back entrance Monday through Friday 9am-12pm. Types of donations accepted: canned meats, tuna and hamburger helpers, peanut butter, baking supplies, crackers, granola bars, cereal, toilet paper, laundry detergent, mayonnaise, ketchup, mac and cheese cups, juice boxes, pudding cups, 

A Guidestar Non-profit organization - Federal ID 41-6008084 a program within Independent School Number 621. All donations are tax deductible.  https://www2.guidestar.org/profile/41-6008084 

Does your employer have a matching gifts program?  Find out and stretch your donations further. https://www.matchinggifts.com/unh

Donate Monetarily: https://www.givemn.org/organization/Ralph-Reeder-Food-Shelf-",,"(as of 03/2023) Yes! Sign up to be a volunteer here: https://www.volgistics.com/ex/portal.dll/ap?ap=1307096135
",,,,,,,,,,,,,,,,,,,,,,,,,,,,,,,,,,,,,,checked,https://www.givemn.org/organization/Ralph-Reeder-Food-Shelf-,,,,,,,,,,,,,25-BUS-(2 blocks),
Red Door Clinic ,10/11/2023 10:11am,Ventura Village,"525 Portland Ave S 4th Floor, Minneapolis, MN 55415",44.9747416,-93.2616842,"Monday, Tuesday, Wednesday, Friday: 8 am- 4 pm
Thursday: 10 am - 4 pm

Distributing syringes, works, naloxone, needle exchange, HIV testing,

Free testing for HIV, sexually transmitted diseases, refugee health and immigration services. 
More info: https://www.reddoorclinic.org/more-services 

• Will ask for an I.D. but it is not required. •

reddoorclinic.org 
Please call 612-543-5555 before you arrive due to COVID-19 concerns. ",no,----,,no,----,,,,,,,,,,,,,,,,,,,,,,,,,checked,,,,,,,,,,,,,,,,,,,,,,,,,checked,,checked,checked,,,,22-BUS-(2 blocks),
Youthprise: Rice Recreation Center,6/5/2024 7:53pm,North End,"1021 Marion St, St Paul, MN 55117",44.9725016,-93.1104212,"Free suppers and snacks for Saint Paul youth (18 and under) at the Rice Recreation Center! (https://youthprise.org/nutritionprogram/)

Snack:
Monday-Friday: 2:30-3:30pm

Hot Supper: 
Monday-Thursday: 4:45pm-5:15pm

Through a partnership with Youthprise, free suppers and snacks are available at Rice Recreation Center for youth 18 years of age and under. Schedules are subject to change based on programming needs.",no,----,,no,----,,,,,,,,,,,,,,,,checked,,,,,,,,,,,,,,,,,,,,,,,,,,,,,,,,,,,,checked,,,,,"62-BUS-(3 blocks),3A-BUS-(3 blocks)",
Sabathani Community Center,4/3/2024 11:23pm,Central,"310 E 38th St #200, Minneapolis, MN 55409",44.9346758,-93.2721155,"Food shelf open for distributing food every 
Monday-Thursday: 9:30am-3:00pm (closed 12-12:30pm) and
1st and 3rd Friday of each month: 10am-1pm.
Arrive 15 minutes before the food shelf closes; ID required

Clients can pick up food once per month. Available supplies include meats, legumes, rice, pasta, cereal, canned goods and packaged foods, milk, fresh fruits and vegetables (in season), baby items and toiletries (occasionally available) and even juice and dessert items. 
Drive through or walk up to receive two weeks worth of food. To get the food:
- If you have a vehicle, go to the back gate.
- If you are walking or on the bus, go to the south east door. 

Clothing Closet:
Open 1st and 3rd weeks of the month only
Monday–Wednesday: 12:30pm – 3pm
Arrive by 2:45pm for access; ID required",no,----,,no,----,,,Financial donations: http://sabathani.org/donations/sabathani-community-center-donation-form/,,"Yes, we need regular volunteers for the food shelf! Volunteers will sort food and pre-pack bags for clients. Shifts available Monday-Thursday, 10:00am-2:00pm. 

Sign up here: https://www.signupgenius.com/go/9040449aaa62ca6fb6-sabathani ",,,,checked,,,,,,,,checked,,,,,checked,,,,,,,,,,,,,,,,,,,,,checked,http://sabathani.org/donations/sabathani-community-center-donation-form/,,,,checked,checked,,,,,,,,"23-BUS-(1 block),11-BUS-(2 blocks)",
SafeZone - Youth Drop-in Center,8/30/2023 11:59am,,"130 East 7th Street, St Paul, MN 55101",44.9498292,-93.0925987,"SafeZone Location Hours:
Monday-Friday: 9:00am-6:00pm

Young people ages 14 – 24 are encouraged to come in and see what we have to offer. We can connect you to basic needs like a place to shower and supplies, all the way up to health check-ups, sexual health info, and help with school, work and housing. 

Call at 651-224-9644 or visit face2face.org/support/youth/

We’re also offering video medical appointments! 
Call to schedule a phone or video visit at 651-772-5555 (we are not accepting walk-ins at this time.) 
10 AM – 6 PM Monday – Thursday
10 AM – 4 PM Fridays",no,----,,no,----,,Diapers and Pull-Ups (Sizes: 3-6),"Men's White T-Shirts (S-XXL)	
Black Socks	
Boxer Briefs (S-XXL)
Women’s Hipster Underwear (S-XXL)
Women’s Ankle Socks	
Men’s Jeans (size 30-34)
Diapers and Pull-Ups (Sizes: 3-6)

Amazon wishlist: https://smile.amazon.com/hz/charitylist/ls/3MKSZJFWYLP2Z/ref=smi_ext_lnk_lcl_cl?null
More info at: https://face2face.org/donate/supplies/ ",,Yes - more information here: https://face2face.org/donate/volunteer/,,,,,,,,,,,,,,,,,,,,,,,,,,checked,,checked,,,,,,,,,,,,,,,,,,,,,,,,"68-BUS-(1 block),71-BUS-(1 block),3-BUS-(2 blocks),16-BUS-(2 blocks),21-BUS-(3 blocks),54-BUS-(3 blocks),61-BUS-(3 blocks),63-BUS-(3 blocks),64-BUS-(3 blocks),70-BUS-(3 blocks),74-BUS-(3 blocks),94 Express-BUS-(3 blocks),353 Express-BUS-(3 blocks),363 Express-BUS-(3 blocks),480 Express-BUS-(3 blocks),484 Express-BUS-(3 blocks)",
Sanctuary Covenant Church Haven Pantry,3/15/2023 8:53pm,Hawthorne,"2018 Aldrich Ave. N, Minneapolis, MN 55411",44.9998920,-93.2885790,"Haven Community Pantry
Wednesdays and Thursdays: 11am - 3pm

The Haven Community Pantry will be open at the Sanctuary Resource Center every Wednesday and Thursday (except federal holidays) from 11 am to 3 pm. Northsiders may shop every week, and those who live outside the Northside may shop once per month.  The pantry will offer non-perishable food items (including frozen meats), diapers, women's supplies, and laundry soap.

Donation: Please arrange to drop off your items with Stacy Hinton by setting up an appointment: havenpantry@sanctuarycov.org or call 651-225-8908

https://sanctuarycov.org/
https://www.facebook.com/sanctuarycov",no,----,,no,----,,,"(as of 03/2023)
Hygiene items: Deodorant (men/women), Toothpaste, mouthwash, floss, Sanitary pads, Body wash, Shampoo, Conditioner, Lotion, Adult diapers, Vaseline, Hair products for textured hair
Household items (Laundry soap, dish soap, hand soap, toilet tissue, paper towels, Kleenex, Cleaning supplies)
Diapers (any size,) Baby wipes, baby shampoo, baby lotion, diaper rash ointment, Baby food
Adult Diapers for men and women
Women’s pads and tampons
Clothes for the current season, coats, gloves, hats, scarfs, socks (Must be washed and dried and in good condition)
Shoes/Boots (Clean and in good condition)
Small appliances (coffee pots, toaster etc.)
Cooking utensils/spoons/forks
Bath towels
Kitchen towels
Dishes, pots/pans

Please arrange to drop off your items with Stacy Hinton by setting up an appointment: havenpantry@sanctuarycov.org or call 651-225-8908(","(as of 03/2023) home-cooked food/meals, pet food, furniture, opened or expired food items, food items without labels, perishable/refrigerated/frozen foods, dented cans, alcohol, large (restaurant-sized) cans","(as of 03/2023) Yes. Come help us process our 1st and 3rd Monday food delivery from 10am to noon!  Volunteers will work inside and outside--as the palettes of food will be dropped outside the pantry main entrance and be brought inside to be organized.

Can you help us?  Volunteers must be masked.

Sign up here to volunteer at one of our distributions: https://sanctuarycov.churchcenter.com/registrations/events",,,,,,,,,,,,,,,,,,,,,,,,,,,,,,,,,,,,,,,,,,,,,,checked,checked,checked,,,,"14-BUS-(1 block),30-BUS-(1 block),22-BUS-(2 blocks)",
Sanctuary Movement Supply Depot (@Boneshaker Books),1/13/2024 10:20pm,Seward,"2002 23rd Ave S, Minneapolis 55404",44.9626700,-93.2393900,"The Sanctuary Supply Depot is a central hub aimed at facilitating the collection and distribution of basic survival supplies for our unhoused neighbors. Born of the Minneapolis Sanctuary Movement, we unite in the ideals of housing justice, mutual aid, abolition, harm reduction, and decolonization. 

Contact by phone at 612-888-2825 or by email at sanctuarysupplydepot@gmail.com for questions about drop-offs or to coordinate a drop-off if you can't be there between designated times.

Facebook: https://www.facebook.com/Sanctuarysupply/
Linktree: https://linktr.ee/sanctuarysupplydepot",no,----,,no,----,,"(as of 13 Jan 2024)
Volunteers
to unpack and organize supplies, assemble orders, ride along on distribution runs.

Especially need volunteers who are available for a weekly late afternoon or early-evening shift.","(as of 2/1/23)
sleeping bags
6-8 person tents
razors
condoms
chapstick
deodorant
snacks (Little debbies are popular)
batteries especially AAA and AA
Financial donations also appreciated:  https://linktr.ee/sanctuarysupplydepot","(as of 8/17) Other clothing, used underwear and socks, perishable food, canned food or food that requires prep, children’s items, used pillows, medicine other than basic first aid supplies, menstrual products, bar soap, laundry detergent, dishwashing pods, anything you need to plug in to use, anything you need a kitchen to use, propane tanks larger than 1lb, Mr. Heaters.","(8/17) Yes, find volunteering info at
https://linktr.ee/sanctuarysupplydepot",,,,,,,,,,,,,,,,,,,,,,,,,,,,,,,,,,,,,,checked,https://linktr.ee/sanctuarysupplydepot?fbclid=IwAR3u6NewMNPTNAfQsAWp-1wezT6tfjCYwPwnVR2M3HKAHmJYxMg2VgzrqAM,,,,,,,,,,,,,5-BUS-(1 block),
Sanneh Foundation / Conway Community Center,6/28/2023 9:50pm,Conway,"2090 Conway Street, St. Paul 55119",44.9553651,-93.0121765,"Family grocery distribution Tuesdays, 3-5pm

Free breakfast and lunch for Saint Paul youth (18 and under), 6/19-8/17 (closed July 4):
Breakfast: 8:30am-10:30am
Lunch: 12:30pm-3:00pm


Learn more: https://www.facebook.com/ConwayTSF/ ",no,----,,no,----,,,,,Yes! Find info here: https://thesannehfoundation.volunteerlocal.com/volunteer/,,,,,,,,,,,,,,,,,,,,,,,,,,,,,,,,,,,,,,,,,,,,,,,checked,,,,,"74-BUS-(2 blocks),80-BUS-(2 blocks),219-BUS-(2 blocks)",
Second Harvest Heartland Food Bank (Brooklyn Park Headquarters),5/17/2023 10:08am,NW Suburbs,"7101 Winnetka Ave N, Brooklyn Park, MN 55428",45.0835417,-93.3834026,"Donation Hours: 
Monday-Friday 8:00am-3:30pm

Second Harvest Heartland relies on donations of excess food from commercial growers, retailers and industry partners. Unfortunately, because of our food bank’s size and scale, we cannot accept food donations from individuals or small groups at this time. (Our operations are set up to handle pallets and volume quantities of items.)

Please go to the front desk at the main entrance for assistance.

In the interest of food safety for our agency partners and clients, we do not accept in-person donations of frozen or refrigerated products as we cannot verify proper temperature control or correct storage procedures.
See FAQ for more info: https://www.2harvest.org/get-involved/ways-to-donate-food/faq.html#.XzX1zsBKhph 

Phone: 651.209.7980
Website: https://www.2harvest.org.",no,----,,no,----,,,"***For food safety reasons, personal care items and cleaning supplies must be kept separate from food items*** 

Meats, fish and protein – canned tuna, ham or chicken, beef stew, chili, peanut butter, canned/dried beans
Fruits and vegetables – 100% fruit juice, canned fruits and vegetables, instant potatoes
Complete meals – pasta & canned sauce, boxed meals, hearty soups
Grains – cereal, rice
Special diet foods – gluten-free, low-sugar, low-sodium
Personal care products* – shampoo, deodorant, soap, diapers, toilet paper, feminine hygiene, toothpaste
Cleaning supplies* – laundry detergent, paper towels, kitchen and bathroom cleaners","No glass containers, perishable items (except produce) or home-canned foods, please!",Yes - review updated volunteer safety guidelines and sign up here: https://www.2harvest.org/get-involved/volunteer/,,,,,,,,,,,,,,,,,,,,,,,,,,,,,,,,,,,,,,checked,https://secure.2harvest.org/site/Donation2?df_id=21069&21069.donation=form1&_ga=2.163835324.2067852318.1595527758-1308517358.1595527758,,,,checked,,,,,,,,,"705-BUS-(2 blocks),764-BUS-(2 blocks)",
Second Harvest Heartland Food Bank (Maplewood),1/18/2023 12:25pm,NE Suburbs,"1140 Gervais Ave, St Paul, MN 55109",45.0131600,-93.0520440,"Donation Hours: 
Monday - Friday: 8:00am-3:30pm — stop by front desk for instructions.

***For food safety reasons, personal care items and cleaning supplies must be kept separate from food items*** Food donated needs to be labeled, undamaged and still within the “best if used by” date.

We cannot accept donations exceeding 200 pounds or frozen goods at our Maplewood location. Please donate these items at our Brooklyn Park location or to one of our partner agencies in Maplewood. See FAQ: https://www.2harvest.org/get-involved/donate-food

Phone: 651-484-5117
Website: https://www.2harvest.org",no,----,,no,----,,,"Meats, fish and protein – canned tuna, ham or chicken, beef stew, chili, peanut butter, canned/dried beans
Fruits and vegetables – 100% fruit juice, canned fruits and vegetables, instant potatoes
Complete meals – pasta & canned sauce, boxed meals, hearty soups
Grains – cereal, rice
Special diet foods – gluten-free, low-sugar, low-sodium
Personal care products* – shampoo, deodorant, soap, diapers, toilet paper, feminine hygiene, toothpaste
Cleaning supplies* – laundry detergent, paper towels, kitchen and bathroom cleaners

* For food safety reasons, personal care items and cleaning supplies need to be kept separate from food items.","No glass containers, perishable items (except produce) or home-canned foods, please!",Yes - review updated volunteer safety guidelines and sign up here: https://www.2harvest.org/get-involved/volunteer/,,,,,,,,,,,,,,,,,,,,,,,,,,,,,,,,,,,,,,checked,https://secure.2harvest.org/site/Donation2?df_id=21069&21069.donation=form1&_ga=2.163835324.2067852318.1595527758-1308517358.1595527758,,,,checked,,,,,,,,,,
Senior Food Shelf (East Side Neighborhood Services),9/21/2022 9:17pm,Logan Park,"1801 Central Ave NE, Minneapolis, MN 55418",45.0061410,-93.2471279,"Hours of operation: 
Monday-Friday: 9:30 am - 1pm

Participants in the Senior Food Shelf must be 55 years or older, live in Hennepin County, and fall within 300% of federal poverty guidelines. Written verification of income is not required.

Participants receive: fresh produce, meat, bread, and shelf-stable foods. Pet food and hygiene items are also provided when available. Participants may receive 20 pounds of food every month.

Also is a partner of People & Pets Together that helps families facing economic hardship by providing pet food to food shelves in the Minneapolis-St. Paul metropolitan area

Hosted by the Minneapolis Public Housing Authority (MPHA) in the Parker Skyview apartment building.

Email rhaarsager@esns.org or call 612-788-9521 to arrange a time and location to drop off donations.

Masks are required, and free home delivery service is offered as an alternative to picking up food in-person. Call 612-788-9521 to schedule.",no,----,,no,----,,,(as of 9/21) Monetary donations are the most helpful - check here for ways to give money. You'll also find a list of items accepted: https://www.esns.org/coronavirus,,(as of 9/21) Yes - look for an application linked from here: https://www.esns.org/foodprograms,,,,,,checked,,,,checked,,,,,,,,,,,,,,,,,,,,,,,,,,,,checked,https://www.esns.org/donate,,,,checked,,,,,,,,,10-BUS-(1 block),
Sharing and Caring Hands,8/16/2023 11:55am,Unnamed record,"525 N 7th St, Minneapolis, MN 55405",44.9832011,-93.2826462,"Hot meals served:
Monday-Thursday: 10:00am and 1:00pm
Saturday-Sunday: 10:00am

Bags of food are distributed 
Monday-Thursday 10:00am-11:00am and 12:00- 1:00pm

Accepting donations: 
Monday-Thursday: 8:00am-3:00pm
Saturday-Sunday: 8:00am-11am
Contact with donation questions: 612.338.4640 or email info@sharingandcaringhands.org.

All are welcome. For details and other services (dental, eye care, bus vouchers, beds, vouchers to get State Identification, etc). see https://sharingandcaringhands.org/day-services",no,----,,no,----,,,"(as of 5/19) Food, Clothing, Household Items, Car seat, Stroller, Diapers/Wipes, (larger diaper sizes needed), Toys, TV, & electronics, Personal Hygiene Items, Vehicles (in good driving condition) 
https://sharingandcaringhands.org/donate ",Furniture,"Yes. Tutors especially, but also dentists, doctors, nurses, and folks who can help with job searches, sign up here: https://sharingandcaringhands.org/individual-opportunities ",,,,,,,checked,,,,,,,,checked,checked,,checked,,,,,,,,,,,,,,,,,,,,checked,https://www.donations.sharingandcaringhands.org/?_ga=2.71382352.215933040.1595523921-1803017254.1595523921,,,,,,,,,,,,,"9-BUS-(1 block),19-BUS-(1 block),755-BUS-(1 block),CLine-BUS-(1 block)",
Shiloh Cares Food Shelf (Shiloh Temple Church),2/1/2023 12:36pm,Near North,"1201 W Broadway Ave, Minneapolis, MN 55411",44.9987710,-93.2965207,"Shiloh Cares Food Shelf
Wednesday - Friday, 10 am - 3 pm. 
(Please arrive by 2:30 pm to receive food). 

Free cooked meals on-site each Wednesday & Thursday on a ""first come, first served basis"".

Shiloh Cares and staff are also certified to administer Narcan as a Narcan access point.

Senior Meal Program Free Grocery Giveaway every 
2nd and 4th Friday.

Seniors (55+) who are not homebound can pick meals up from 1pm - 3 pm. Seniors who are homebound will have their meals delivered between 12pm - 2pm on the same days. To register please call 612-302-1463 (only homebound seniors need to pre-register)

Coaching and support line is staffed 24/7 - if you need to talk, we are here to listen. 612-261-6305.

http://www.shilohtemple.com/announcements/ or https://www.facebook.com/ShilohCaresFoodShelf

Closed Most Holidays.",no,----,,no,----,,,"(as of 3/9) Financial donations can be given via our website at: www.shilohtemple.com or you can call the church main number 612-302-1463 and ask for the Director of Community Outreach and Engagement. To donate food for the food shelf, please call 612-302-1463 donate via PayPal: https://www.paypal.com/donate?hosted_button_id=JGYYVNZNK3YN8 or email shilohcaresfood@gmail.com.",,"Yes, Shiloh Cares is in need of volunteers Tuesdays from 11:00am-2:30pm
Please email: shilohcaresfood@gmail.com
Or call: 612-302-1463",,,,,,,,checked,,checked,checked,,,,checked,,,checked,,,,,,,,,,,,,,,,,,,,,,,,,,,,,,,,,,"14-BUS-(3 blocks),30-BUS-(3 blocks),5-BUS-(1 block)",
Shobi's Table at Midway,4/4/2024 12:53pm,Frogtown,"400 Snelling Ave N, St. Paul, MN",44.9543295,-93.1679649,"Shobi's Table Lunch served: Fridays 12:00-1:00pm 

Also distributing Tuesdays, 12-1:00pm at Christ on Capitol hill (105 University Ave W) and Thursdays, 12-1:00pm at Faith Lutheran (499 Charles Ave)",no,----,,no,----,,,,,Yes! Volunteer sign ups are here: https://shobistable.org/volunteer-application/ ,,,,,,,,,,,,,,,,,,,,,,,,,,,,,,,,,,,,,,,,,,,,,,,checked,,,,,"A Line-BUS-(1 block),94 Express-BUS-(1 block),21-BUS-(1 block),Green-GREENLINE-(1 block)",
Little Free Closet STP,8/30/2023 10:47pm,Midway,"1315 Thomas Ave W, Saint Paul MN 55104",44.9595307,-93.1557282,"Daily: 24/7, weather permitting. 

Clothing available to take anything you need.

Visit Instagram to DM to arrange donations.
https://www.instagram.com/littleswapcloset/ ",no,----,,no,----,,,,,(as of 09/2023) DM on Instagram to volunteer: https://www.instagram.com/littleswapcloset/ ,,,,,,,,,,,,,,,,,checked,,,,,,,,,,,,,,,,,,,,,,,,,,,,,,checked,,,,,67-BUS-(3 blocks),
Soup for You Cafe/Sisters' Camelot Food Share,6/1/2024 12:38am,Seward,"2511 E Franklin Avenue Minneapolis, MN 55406",44.9626011,-93.2356284,"Accepting donations: 
Monday-Thursday: 8:30am - 2pm

Distributing hours: 
Monday-Friday: 12pm-1pm
Free produce some Tuesdays and Thursdays through Sisters Camelot, 2-3pm or until it is gone.
https://www.facebook.com/SistersFoodshare/

Lunch is available M-F and groceries on Wednesdays. Items are distributed from the front doors on 25th Ave.

Sisters' Camelot shares food at Soup For You Cafe (formerly Bethany Church) on some Tuesdays & Thursdays. Hours and location vary - see Facebook page for most current information: https://www.facebook.com/SistersFoodshare/

http://sisterscamelot.org/ 

http://soupforyou.info/ 
Facebook page: https://www.facebook.com/justoneguymakingsoup",no,not today,,no,not today,,Paper bags (Sisters Camelot) - can be dropped off at any Sisters' Camelot foodshare or kitchen bus event.,"(as of 12/2023)
Chef Boyardee meals in a can (e.g. ravioli w/ pop top), canned chili, canned soup, canned tuna, canned chicken, canned fruit (esp. pears, apricots, peaches, purple plums), canned legumes (e.g. black beans, navy beans), cans of tomato sauce (organic appreciated), salsa, boxes of cereal (Raisin Bran, Honey Nut Cheerios, Frosted Mini-Wheats (but any sweeter cereal is great!), bags or containers of oatmeal, crackers, peanut butter without hydrogenated oil (both Skippy and Jif offer natural peanut butter; otherwise, natural organic peanut butters will work), jars or bags of nuts any kind, can openers, hand and toe warmers, paper towels, toilet paper, spices in small containers","clothes, shoes",,,checked,,,,,,,checked,,,,,,,,checked,,,,,,,,,,,,,,,,,,,,,checked,https://soupforyou.info/donations/ ,,,,checked,,,,checked,,,,,"2-BUS-(2 blocks),67-BUS-(2 blocks)",
Source MN/Simpson Food Pantry at Fallout Center,5/28/2024 6:20pm,Whittier,"2609 Stevens Ave, Minneapolis, MN 55408",44.9551198,-93.2751478,"Simpson Food Pantry and Source MN have partnered up!
Drive up or walk up to receive food

Tuesdays, 9:30am-12pm
Wednesdays, 3pm - 6:30pm
One Saturday per month (usually the 4th Saturday), 9:30am-11am (see calendar here: https://sourcemn.org/events/)

Women's Drop-In Center: https://sourcemn.org/rest/

More info/resources available at https://sourcemn.org/food/ and https://www.facebook.com/SimpsonChurchMN
Facebook Events: https://www.facebook.com/sourcemn/events/ ",no,----,,no,----,,,"(as of 6/18) 
Household items like shampoo and conditioner, moisturizing facial masks, hair ties/ponytails, socks, feminine products, diapers, laundry detergent, and toilet paper. These are the most requested items by food shelf recipients. 

Nonperishable food items, rice, canned black beans, pasta, mac and cheese, spaghetti sauce, canned tomatoes, peanut butter, jelly, canned vegetables, cereal, tortillas, bikes and financial donations https://sourcemn.org/donate/ ",(as of 6/18) Refrigerated foods,"(as of 8/31) Yes! See available opportunities: https://sourcemn.org/get-involved/   

Volunteer times Wednesdays 1-7pm, Fridays 1-6pm, and Saturdays 9-11:30am Fill out our volunteer interest from: https://sourcemn.org/volunteer-interest-form/  

Contact volunteer@sourcemn.org for more information",,,,,,,,,,,,,,,,,checked,,,,,,,,,,,,,,,checked,,,,,,,https://sourcemn.org/donate/,,,,,,,,checked,checked,,,,18-BUS-(2 blocks),
Southern Anoka Community Assistance (SACA) •••By Appointment Only•••,6/5/2024 9:11pm,,"627 38th Ave NE, Columbia Heights, MN 55421",45.0367645,-93.2550734,"Open hours (for thrift store, donations, or food shelf appointments):
Monday: 9am-4pm
Tuesday: 8am-4pm
Wednesday: 10am-6pm
Thursday: 8am-3pm
Friday/Saturday/Sunday: closed

Food shelf appointments can be made online 2 calendar days in advance, at https://sacafoodsappointments.timetap.com. Food Shelf visits can be made every 30 days.

More information is available at https://www.sacafoodshelf.org/.",no,----,,no,----,,,"Food Items: canned meat (tuna, chicken, spam), snacks (chips, crackers, etc.), condiments, seasonal food Items, cake/brownie mixes, pasta (penne, lasagna), peanut butter, cereal

Personal Items: shampoo, soap, menstrual products, diapers (all sizes, including adult diapers), toilet paper","NO furniture, large appliances, electronics, cribs or children's car seats. No clothes. No thrift store donations at this time","Yes, please sign up here: https://www.sacafoodshelf.org/get-involved/",,,,,,,,,,,,,,,,,checked,,,,,,,,,,,,,,,,,,,,,checked,https://www.sacafoodshelf.org/get-involved/,,,checked,,,,,,,,,,11-BUS-(3 blocks),
Speakeasy Minneapolis,2/1/2023 12:44pm,Lowry Hill East,"1017 W 24th St, Minneapolis, MN 55405",44.9589827,-93.2928519,"Speakeasy MPLS is a mutual aid side base in Uptown Minneapolis. We are a highly curated, eco-friendly thrift/general ""store"" that runs on donations. We provide beautiful, high-quality items that are accessible to everyone.

How it works:
1. Come in during open hours (Fri-Sat, noon-5) or schedule in-person browsing through our linktr.ee if you need a personalized experience (for the immunocompromised, those with sensory/accessibility needs, etc.). DM with any questions.

2. TO CLAIM AN ITEM: DM to confirm availability. Most items can be held through the weekend. Furniture requires a $20 Venmo donation to hold, and pick-up must be scheduled through our linktr.ee. 

3. Reparations model: everything is free for BIPOC - tell us what you need or want for yourself or others (whether it's been posted or not) and if we have it, it's yours. Colonizers (white folks), Donate What You Can as an act of voluntary reparations via Venmo (@SpeakeasyMpls) - if your budget is the Dollar Store, treat us like the Dollar Store; if your budget is Anthropologie, donate like you're shopping at Anthropologie (or anything in between) - and if you're unable to donate at all, we understand.
https://www.speakeasympls.org/shop",no,----,,no,----,,,(as of 2/1/23) Financial donations. Some donations of supplies are accepted-- please reach out to confirm.,,,,,,,,,,,,,,,,,,,,,,,,,,,,,,,,,,,,,,,,checked,https://www.speakeasympls.org/shop/mutual-aid-donation,,,,,checked,,,checked,,,,,"17-BUS-(1 block),6-BUS-(2 blocks)",
St. Olaf Catholic Church Samaritan Ministry,3/20/2023 1:56pm,Downtown West,"215 S 8th St, Minneapolis, MN 55402",44.9743704,-93.2702694,"The Forliti Gathering Room is open on Monday mornings beginning at 7:30 am (right after the 7:00 am Mass) for hospitality: refreshments, conversation, connections to community resources, and reception for Samaritan Ministry. 

Additional Ministry Hours 
Monday through Wednesday
9am-11am, no appointment required

Donations accepted at the parish office 
Monday – Friday 9:00 am – 4:00 pm or call for arrangements. During weekend Masses you can give your items to an usher or place them in the blue bins in the back of church.  ",no,----,,no,----,,Men’s pants in all sizes (especially jeans and work pants.) New or gently used pants may be dropped off during the week or when you come for mass on weekends. Thank you for your assistance!,"(as of 03/2023)
Food: 
High protein food items; canned meat or tuna; peanut butter; beans; canned fruits and vegetables; hearty soups, chili, stew; snack items such as granola bars, raisins, nuts; individual gelatin or fruit cups

Clothing: 
women and men’s in-season clothing, especially large sizes; shoes, boots and good walking shoes; new underwear for women, men and children; socks; gently-used bras

Household Items: 
bed sheets (all sizes); towels; cookware, especially pots and pans; cooking utensils; small appliances like toasters, coffee pots, crock pots",Furniture,"(as of 03/2023) Yes! Opportunities include:
Hospitality: Greet guests; prepare snacks and beverages; provide clerical support and filing.
Guest Services: Assist guests with food, clothing, household items and transportation assistance.
Sorter: Sort, organize and display clothes, household donations and food.
Advocate: Meet one-on-one to problem-solve; make referrals; determine financial assistance.
Special one-time projects throughout year.

All volunteers working one-on-one with guests require a background check, interview, orientation and ongoing training.

Volunteer hours are one day per week on Monday, Tuesday or Wednesday, from 8:45 – 11:30am. Interested? Curious? Ready to give and receive? For more information, contact Michael Griffin at 612-767-7632 or MGriffin@SaintOlaf.org.",,,,,,,,,,,,,,,,,checked,,,,,,,checked,,,,,,,,,,,,,,,,,,,,checked,,,,,,,,"824 Ltd Stop-(BUS)-(1 block),850-BUS-(1 block),852-BUS-(1 blocks),250-BUS-(1 block),264-BUS-(1 block),270-BUS-(1 block),5-BUS-(1 block),9-BUS-(1 block),19-BUS-(1 block),22-BUS-(1 block),747-BUS-(2 blocks),776-BUS-(2 blocks),790-BUS-(2 blocks),795-BUS-(2 blocks),4-BUS-(3 blocks),6-BUS-(3 blocks),10-BUS-(3 blocks),11-BUS-(3 blocks),12-BUS-(3 blocks),17-BUS-(3 blocks),18-BUS-(3 blocks),25-BUS-(3 blocks),61-BUS-(3 blocks)",
St. Vincent De Paul Twin Cities,9/12/2022 7:06pm,Phillips,"2939 12th Ave S, Minneapolis, MN 55407",44.9489477,-93.2571840,"Weekly grocery giveaway
Wednesdays 10:30am-12:00pm or until supplies are gone, weather permitting. 

Accepting donations 
Monday- Friday 10:30 am to 5:00 pm
Saturdays 10:30 am to 3:30 pm",no,----,,no,----,,"Personal care items:
Baby powder, body wash, cotton swabs, deodorant, facial cleanser facial tissue, hand soap, hair care products, laundry detergent lip balm, lip gloss, lotion, moisturizers, nail files, paper towels, perfumers, razors, shaving cream, shampoo and conditioner, toilet paper, toothbrushes, toothpaste, wet wipes

Dry goods (in-date, undamaged, and labeled)
Baked beans, Canned Tuna, Chicken, Ham or Salmon, Chili
Peanut butter, Soup
-
Cereal, Flour/ Masa Cornmeal, Pasta of all types, Rice (brown and white), Instant Ready Meals, Macaroni & Cheese, Crackers
-
Canned fruit, Can vegetables (low/no sodium), Jelly, Spaghetti/Pasta Sauce, Tomatoes (diced, whole, paste)
-
Coffee and Tea, Condiments (ketchup, mustard, mayo,
salsa, fish sauce, salad dressing), Cooking oil/olive oil/ vinegar, Salt & Pepper
",,,,,,,,,,,,,,,,,,,,,,,,,,,,,,,,,,,,,,,,,,,,,,checked,,,,checked,,,,,21-BUS-(1 block),
The People's Laundry MPLS: 12th Ave S.,10/5/2022 10:05am,Bancroft,"3828 12th Ave S, Minneapolis, MN 55407",44.9332086,-93.2577536,"If you or someone you know are in need of laundry assistance:
- Send an email to thepeopleslaundrympls@gmail.com, 
- DM on Instagram @thepeopleslaundrympls, or 
- Fill out the services request form here: https://thepeopleslaundrympls.com/request-service/ 
to get in touch.

Volunteers needed!
As new houseless encampments reach out to us for laundry support, we find our biggest gap in capacity is in having enough folks that can drive!

https://thepeopleslaundrympls.com/volunteer/ 
https://www.instagram.com/thepeopleslaundrympls ",no,----,,no,----,,,"(as of 7/27 4:30pm)  laundry soap, dryer sheets, other washing things like oxyclean",,"(as of 4/6)  Yes.
Whether you have capacity to help with something twice a week or once every other month - we can use you!

In-Person Opportunities:
- Drive laundry from community members in need to laundry volunteers & back.
- Wash/dry/fold laundry.
- Table at local events to get more volunteers.
- Go thrifting for different clothing needs.
- Help with random transport needs.

Virtual Opportunities
- Help manage social media accounts.
- Help coordinate volunteers for individual laundry needs.
- Help with communication on Signal.
- Help fundraise.

Website: https://thepeopleslaundrympls.com/volunteer/ ",,,,,,,,,,,,,,,,,checked,,,,,,,,,,,,,,,,,,,,,,,checked,,,,,,,,,checked,,,"14-BUS-(3 blocks),23-BUS-(3 blocks)",
The People's Laundry MPLS: 17th Ave S.,10/5/2022 10:05am,Ventura Village,"2210 17th Ave S, Minneapolis, MN 55404",44.9604585,-93.2501696,"If you or someone you know are in need of laundry assistance:
- Send an email to thepeopleslaundrympls@gmail.com, 
- DM on Instagram @thepeopleslaundrympls, or 
- Fill out the services request form here: https://thepeopleslaundrympls.com/request-service/ 
to get in touch.

Volunteers needed!
As new houseless encampments reach out to us for laundry support, we find our biggest gap in capacity is in having enough folks that can drive!

https://thepeopleslaundrympls.com/volunteer/ 
https://www.instagram.com/thepeopleslaundrympls ",no,----,,no,----,,,"(as of 9/20) laundry soap, dryer sheets, other washing things like oxyclean",,"(as of 4/6)  Yes.
Whether you have capacity to help with something twice a week or once every other month - we can use you!

In-Person Opportunities:
- Drive laundry from community members in need to laundry volunteers & back.
- Wash/dry/fold laundry.
- Table at local events to get more volunteers.
- Go thrifting for different clothing needs.
- Help with random transport needs.

Virtual Opportunities
- Help manage social media accounts.
- Help coordinate volunteers for individual laundry needs.
- Help with communication on Signal.
- Help fundraise.

Website: https://thepeopleslaundrympls.com/volunteer/ ",,,,,,,,,,,,,,,,,checked,,,,,,,,,,,,,,,,,,,,,,,checked,,,,,,,,,checked,,,14-BUS-(3 blocks),
Tubman Center East,4/10/2024 11:47am,,"1725 Monastery Way, Maplewood, MN 55109",44.9935820,-92.9862460,"Donations Accepted:
Monday-Thursday: 8am-5pm
Friday: 8am-3pm

Due to the COVID-19 pandemic and to protect the health and wellness of our clients and staff all donated items must be new, unopened, and unused. If you have questions please call our business line at 612.825.3333. Special arrangements and questions may be made by calling 612.825.3333 or emailing give@tubman.org. 

Tubman provides comprehensive services to serve families and individuals across the Twin Cities. We can help with crisis situations through our 24-hour resource line (612.825.0000) and shelter services. We will also support clients through their long-term healing processes and help them overcome barriers through our core service areas: shelter and housing, mental and chemical health, legal services, youth programs, and workshops and support groups.

https://www.facebook.com/tubman.org 
https://www.tubman.org/ ",no,----,,no,----,,,"(as of 04/2023)
Items for spring self-care drive (for parents and kids) - see list here: https://www.tubman.org/give-help/ways-to-give/spring-drive.html

Year-round needs:
Basic Needs: Disinfecting wipes, twin and full sheet sets (new), twin and full blankets (new), towels and washcloths (new), pillows (new), baby bottles (4oz and 8oz), sippy cups, backpacks, flashlights and batteries, water bottles (24oz-48oz), ear buds/headhpones, reusable shopping bags/grocery bags, gas cards, bus cards, Uber/Lyft gift cards, Boost mobile cards

Personal Care: New, Full Size and Unopened:
shower caddies, body wash (Dove, Softsoap), toothpaste (adults and kids), silk or satin hair caps, African American hair care products, combs (wide tooth & detangling), brushes for various hair types, shampoo, conditioner, hair ties, deodorant (full size), lotion (full size) 

Additional Needs:
18 gallon storage totes with lids, grocery cards (denominations $20-$40), sheets of stamps, copy paper (unopened reams - white and colored), pens (ballpoint - black and blue), Sharpies (fine point black, green, red), paper clips (any size), binder clips (any size), post-its (3""x3"" in any color; 4""x6"" in pink, blue, and orange), file folders (manila, letter size, 1/3 tab), mouse pads (approx. 8""x9"", any color), banker boxes (standard duty, 15""x12""x10"")
","Items for donation should be new and/or unopened; for personal care items such as shampoos and conditioners, full-sized bottles are preferred.
Please keep in mind we cannot accept certain used items like furniture or used baby equipment, and are unable to pick up or deliver items.
At this time, we are not accepting children's toys, clothing, or equipment.",,,,,,,,,,,,,,,,,,,,,,,,,,,,,,,,,,,,,,,,,,,,,,,,,,,,,219-BUS-(1 block),
VEAP (Volunteers Enlisted to Assist People) ,7/5/2023 10:16am,South Suburbs,"9600 Aldrich Avenue S, Bloomington, MN 55420",44.8294378,-93.2905898,"Your first step, whether you need food, resources for your children, or simply to speak with our Social Services team is to call us at 952-888-9616. Volunteers will gather information and explain VEAP’s programs. Our call intake center is open Monday – Friday from 9:00 a.m. – 4:30 p.m.

Drop-offs 
M-F 9:00am-4:30pm, no appointment needed; pull around to door 4.

Serves residents of Edina, Richfield, Bloomington, and Minneapolis south of 50th St./west of Cedar. You will need a photo ID and a piece of mail (like a utility bill) that shows your address. 

VEAP’s On-site Food Pantry offers a visitor-choice model; you visit the pantry, you are able to select the food you know your family will use and enjoy. Receive up to 18 household visits per year, including 12 monthly full pantry visits and 6 supplemental produce visits (produce plus 10 items from the non-perishable, meats, dairy and eggs section). 

VEAP offers a variety of fresh foods, including fruits and vegetables, an assortment of meats, and dairy, as well as basic food staples, like rice, beans, cereals, and canned products, daily.

Also is a partner of People & Pets Together that helps families facing economic hardship by providing pet food to food shelves in the Minneapolis-St. Paul metropolitan area

If you are new to VEAP, you have the opportunity to meet with a member of VEAP’s Social Services team to learn more about other supportive services that are available to you and your family. If you will need a ride home with your groceries, please let us know when you make your appointment. Delivery is also available five days a week to folks with limited mobility.
https://www.facebook.com/VEAPVolunteers/ 
https://veap.org/get-help/veap-programs/food/ ",no,----,,no,----,,"Check https://veap.org/most-needed-items/ for the latest list as needs change weekly

Currently also seeking $25 Target or Walmart gift cards and back-to-school supplies. Backpacks, scientific calculators, headphones, and other higher-priced items are in highest demand due to their cost for struggling families. ","In addition to shelf-stable food and fresh produce, VEAP also accepts and highly encourages donations of household products like laundry detergent, soap, diapers, paper towels, shampoo, toothpaste, deodorant, and all other home and personal hygiene products. 

We also accept canned pet food and supplies (treats, cat litter), as well as children’s books (baby board books, chapter books and middle/high school books) ","Clothing, winter gear, furniture, baby equipment (stroller and car seats), medical equipment, medicine, toys, and utensils. Please visit our resource page for a list of other community partners that may take these items (https://veap.org/where-to-donate-items-veap-cannot-accept/).

Can only accept frozen and refrigerated products from organizations in the food industry and items must be individually labeled with ingredients & source/origin information","Volunteers needed inside our pantry, warehouse and other areas at VEAP.

Additionally, volunteer drivers needed. No experience or vehicle needed. Drivers will drive a VEAP minivan to deliver prepackaged fresh and shelf-stable foods to seniors, participants with disabilities, as well as community members without transportation.

All volunteers ages 18 and older are required to complete a criminal background check prior to volunteering. Volunteer Drivers are also required to pass a motor vehicle check, have a valid driver’s license, and proof of insurance.
Driver shifts are on-site at VEAP and begin every weekday at 9:00 a.m., 11:00 a.m., and 2:00 p.m. Evening driving shifts now available on the 1st and 3rd Thursday of each month at 4:30 - 7:00 p.m.

Info and sign up at https://veap.org/now-seeking-volunteer-van-drivers/",,,,,,,checked,checked,,checked,checked,,,,,,,,,,,,,,,,,,,,,checked,,,,,,checked,https://veap.org/donate/give-today/,,,checked,checked,checked,,,,,,,,535-BUS-(1 block),
Walk-In Counseling Center ,6/5/2024 8:36pm,Phillips,"2421 Chicago Ave, Minneapolis, MN 55404",44.9582918,-93.2623013,"Clinic hours: 
Monday, Wednesday, Friday 1-3 PM  (In-person and virtual)
Monday-Thursday 5:30-7:30 PM (Virtual only)

Free counseling by mobile phone or computer, no appointment, insurance, or identification needed. Services are available in Hmong and Spanish at this number: 612-870-0565. You may have to leave your number to be called back later.

To get counseling by computer use this link: https://zoom.us/j/458270804. To get counseling by phone, go to https://walkin.org/ and use the phone numbers provided.",no,----,,no,----,,,,,"Yes! Seeking volunteer counselors, team consultants, clinic receptionists or administrative assistants to join our clinic teams! Qualified professionals include social workers, psychologists, and marriage and family therapists who are licensed or working toward licensure; chaplains and nurse practitioners with mental health training. A commitment to regular shifts is required.

To learn if you are qualified, and how to apply, visit https://walkin.org/volunteer/ or contact Mary Weeks at mweeks@walkin.org.",,,,,,,,,,,,,,,,,,checked,,,checked,,,,,,,,,,,checked,,,,,,checked,https://walkin.org/donation-form/,,,,,,,,checked,,,,,5-BUS-(1 block),
Walker Foodshare / New City Center for Healing Justice / Grapevine Collective,6/5/2024 8:34pm,Midtown Phillips,"3104 16th Ave S, Minneapolis, MN 55407",44.9463396,-93.2515269,"Groceries and to-go meals distributed every 
Monday: 12pm-2pm. 

All are welcome.

On some Tuesdays and Thursdays, Sisters Camelot distributes additional organic produce and bread from 2:30-3:30pm (or until food is gone). Dates get posted on facebook: https://www.facebook.com/SistersFoodshare",no,not today,,no,not today,,KN95 or N95 face masks,"(as of 1/3/23) Clean paper grocery bags, Ziploc bags",,Yes! We welcome volunteers who can help out at the Foodshare on Mondays starting at 11 am. until 2 pm. We also welcome volunteers with a car who can join our team to pick up food donations over the weekend. Contact Carmen - ellens.carmen@gmail.com.,,,,,,,,,,,,,,,,,,,,,,,,,,,,,,,,checked,,,,,,checked,"If you feel inclined to give a monetary donation, please write a check to Walker Community United  Methodist Church, write “food share” in the memo area, and mail it to 3104 16th Ave S, Minneapolis, MN 55407.",,,,,,,,checked,,,,,"14-BUS-(1 block),22-BUS-(3 blocks),21-BUS-(2 blocks)",
WBL: White Bear Area Food Shelf,6/5/2024 8:16pm,NE Suburbs,"1884 Whitaker Street, White Bear Lake, Minnesota 55110",45.0753569,-93.0209845,"Curbside pickup distribution hours:
Monday & Tuesday: 4pm - 7pm 
Wednesday & Friday: 11am - 2pm

Donation hours:
Monday & Tuesday: 9am - 6pm
Wednesday, Thursday, Friday: 9am - 2 pm

Donation details: 
Self-serve donation bins for non-perishable items only. Avoid glass items, and don't overfill the bin.

If you wish to donate perishable items, 300+ lbs, or need a receipt, call 651-407-5331.

All are welcome. No appointment needed. 
Directions for curbside pick-up: 
1.When Neighbors arrive at the Food Shelf, they will be given an order form for their food selections, and asked to park in one of the designated spots.
2. When the food order form is complete, please turn on your hazard lights to signify this, and a volunteer will pick up your form.
3. Your order will be fulfilled indoors and brought out to your car. We are asking neighbors to load their own groceries in order to maintain social distancing for everyone. If assistance is needed, please just let us know.

Delivery of Food – If you are unable to get to the Food Shelf, there are options for delivery of food in our area: 
   – Washington County Food Support Line – if you need assistance and live in Washington County, call 651-430-6688. 
  – Metro Mobility – current riders may contact them for delivery at 651-602-1111 or metromobility@metc.state.mn.us

https://whitebearfoodshelf.org/",no,----,,no,----,,,"Financial donations preferred and accepted at https://whitebearfoodshelf.giv.sh/86ec 

Otherwise, non-perishable foods and household/hygiene needs are accepted (https://whitebearfoodshelf.org/food-donations/), and during garden season, homegrown produce (https://whitebearfoodshelf.org/fresh-garden-donations/).

Please place all non-perishable food donations in the Donation Bins in our parking lot. Please bring these items Monday through Friday and help us maintain food safety by leaving items only in the bins with the lids shut. Items left on the ground, outside of the bins, or left with the bins open, as well as any perishable items in the bins, will be thrown out due to food safety concerns. 

For perishable items (bakery, bread, refrigerated food, produce, etc.), donations over 100 pounds, and if you need a donation receipt, please call 651-407-5311 to make a drop-off appointment. ",,"Yes! Curbside Pick-Up Stocker, Greeter and Market volunteer or Scheduler, Food Rescue or Warehouse positions
Information available at https://whitebearfoodshelf.org/volunteer/",,,,,,,,,,,,,,,,,,,,,,,,,,,,,,,,,,,,,,,,,,,,,,,,,,,,,
Food Shelf-In-A-Box at Emma B Howe Northeast YMCA,4/10/2024 10:55pm,Northeast,"2304 NE Jackson St, Minneapolis, MN 55418",45.0111286,-93.2495134,"Food Shelf in a Box!  
4th Tuesday of each month: 5pm-7pm

Contact
info@goodinthehood.org
612-217-4003",no,never,,no,----,,,,,"Yes, find info at https://www.goodinthehood.org/volunteer/",,,,,,,,,,,,,,,,,,,,,,,,,,,,,,,,,,,,,,,,,,,,,,,,,,,,"32-BUS-(2 blocks),10-BUS-(2 blocks)",
Youthlink - Youth Shelter,6/5/2024 7:58pm,Ventura Village,"41 N 12th St, Minneapolis, MN 55403",44.9763666,-93.2820202,"Drop-in open for youth ages 16-24:
Monday/Tuesday/Thursday/Friday: 9am-4:30pm
Wednesday: 10am-8pm

(Please note the drop-in center is closed on the following holidays: New Year’s Day, Martin Luther King, Jr. Day, Memorial Day, Juneteenth, Independence Day/Fourth of July, Labor Day, Thanksgiving Thursday and Friday, Christmas Eve/Christmas Day)

YouthLink is a nonprofit in downtown Minneapolis that helps young people between the ages of 16 and 24 on their journeys from homeless to hopeful. Supports: basic needs, education, employment, and housing, health and wellness, additional resources and shelter. 

Still have questions? Give our welcome center a call at 612-252-1200

Receiving Donations: 
Drop off Monday-Friday from 8:30am to 5:00pm
Or mail them (41 North 12th Street, Mpls, MN 55403)

Please call ahead if you would like to drop off items outside of these days and hours: 612-252-1200.

You can also order items through our Amazon wish list and have them shipped directly to YouthLink - for more information please visit our website at youthlinkmn.org/get-involved/donate-items/

Extended overnight drop-in and immediate need support available -- call (612) 252-1200 or go to https://www.youthlinkmn.org/i-want-help/  

Always open as a warming shelter regardless of the weather. ",no,----,,no,----,,,"DUE TO THE HIGH VOLUME OF CERTAIN ITEMS WE’VE RECEIVED AND OUR LIMITED STORAGE SPACE, WE ARE ONLY ACCEPTING THE FOLLOWING ITEMS. THANK YOU! 

• Men’s and Women’s underwear & boxers (all sizes, new only)
• Women’s bras and sports bras (all adult sizes, new only)
• Men’s undershirts (all sizes)
• Men’s and women’s winter socks (all sizes, new only)
• Long johns/long underwear (all sizes)
• Sweatshirts & sweatpants
• Backpacks
• Winter hats/gloves/mittens (all sizes)
• Winter Coats
• Winter accessories (Chapstick, hand warmers, blankets, sleeping bags, 1-2 person tents)
• Shoes (athletic shoes, casual sneakers)
• New full and queen-size bed sheets & comforters (or “bed in a bag” sets)
• Home – laundry detergent pods, cleaning supplies, small kitchen items. For housewares, check out this Pampered Chef fundraiser.
• Toiletries (full or travel-size) – body wash, shampoo, conditioner, deodorant, razors, toothpaste, toothbrushes
• Baby supplies – Pacifiers, onesies, diaper bags, bibs, strollers,  pack n’ plays, car seats (unexpired only), bottles, cups, wipes, diapers
• Hair products for textured and curly hair – hydrating shampoos & conditioner, leave-in conditioner, curl cream, scalp care, styling gel/pomade, edge control/smoother and silk or satin bonnets – please visit this website for products youth visiting YouthLink prefer

We encourage you to support black owned businesses – for some ideas please see this article which includes retail: https://mspmag.com/arts-and-culture/black-owned-businesses-in-the-twin-cities/

Amazon wishlist www.amazon.com/hz/wishlist/ls/2AATP95A51WUJ/ref=hz_ls_biz_ex","Anything not listed in accepting.

Items we are not able to accept at all:
Broken, torn, or stained items of any kind
Used bras, underwear or socks
Electronics of any kind
Used toys and stuffed animals
Books
Furniture
Homemade food (due to health code regulations)",Find volunteering info at https://youthlinkmn.galaxydigital.com/,,,,,,,checked,,,,checked,,,,,,,,,,,,,,checked,,,,,,,,,,,,,checked,https://donate.youthlinkmn.org/give/149818/#!/donation/checkout,,,,,,,,,,,,,"4-BUS-(3 blocks),6-BUS-(3 blocks)",
ZACAH,4/10/2024 10:52am,,"4300 Glumack Dr, St. Paul MN 55111",44.8833813,-93.2073315,"ZACAH (Zakat, Aid and Charity Assisting Humanity) is a local 501c(3) that strives to provide support for residents of Minnesota facing poverty and the threat of displacement and unsheltered homelessness, especially from marginalized religious, socioeconomic and ethnic communities. As a grassroots organization with no large donors or grant funding, we are reliant on your trust and support. Please join us in weaving the bonds of a stronger community.

website: https://www.zacah.org/
phone: 651-456-8891
email: contact@zacah.org",no,----,,no,----,,,monetary donations and meals for unhoused residents; functional vehicles for donation (please call (612) 361-9976 for specific needs and drop-off arrangements),,"Yes, email contact@zacah.org",,,,,,,,,,,,,,,,,,,,,,,,,,,,,,,,,,,,,,checked,https://www.paypal.com/donate?token=zxWOhu6JWPYdqPL40IFwlQ7ksc7c_A6PcTG-H4Dvx2UtUZWv1KYJx4LcXJJADSmxI96mvft8tOJSeYq7,,,,,,,,,,,,,"50-BUS-(2 blocks),60-BUS-(2 blocks),Blue-BLUELINE-(2 blocks)",
Zion Lutheran Church,6/5/2024 7:50pm,Midway,"1697 Lafond Ave, St Paul, MN 55104",44.9604863,-93.1719030,"Distributing a free home cooked meal to each individual and bag of groceries to take home for each household.

Every Thursday 1:00-3:00 pm. 

Please do not arrive before 12:45pm unless you are a volunteer.

https://www.zlcmidway.org/services",no,----,,no,----,,,(as of 8/15) Financial donations accepted by visiting https://zion-church.snwbll.com/giving-portal,,,,,,,,,,,,,,,,,,,,,,,,,,,,,,,,,,,,,,,,checked,https://zion-church.snwbll.com/giving-portal,,,,,,,,,,,,,67-BUS-(2 blocks),
Free Geek,4/5/2023 11:28am,Seward,"2537 25th Ave S, Minneapolis, MN 55406",44.9558919,-93.2356817,"Donation and Distribution
Wed - Sun - 12:00pm-5:00pm

When leaving donations, do the following to help speed up our processing of the equipment!
- Untangle all cords and cables. If you’re able, coil them up with a rubber band or twist tie.
- Attach power adapters to their associated equipment as best as you can–we recommend painters tape and gently placing them in a cardboard box for donating. (power for speakers, routers, etc.)
- Attach remote control to the device it came with (TV, audio receiver, etc.)–we recommend painters tape and gently placing them in a cardboard box for donating.

We are a Twin Cities-based 501(c)(3) non-profit aiming to enable our community with affordable technology and teach them how to use it. We’ve been around since 2009, bringing on volunteers who help refurbish the computers and devices that are donated to us, and in the process we help them learn how to use and build computers themselves. We’re keeping computers out of the landfills and back to the people who need them most.

Online Store; In-person curbside pick up only: https://www.freegeektwincities.org/online-store-landing",no,----,,no,----,,,"Computer Equipment:
Computers of any age and condition (Laptops, Desktops etc, could be broken, missing parts etc)
Tablets, iPads, iPods, Cell Phones

Computer peripherals and components:
Storage Devices (hard drives, solid state drives, SD cards, memory cards)
Any Computer Components (Motherboards, Expansion cards, GPUs, CPUs, RAM Sticks, etc.)
Working LCD/LED (Flat Screen) Monitors
Webcams, Microphones, Headsets, and Headphones
Modems, Routers, Switches and other networking equipment
Cables (any condition, can be broken or cut)
Keyboards and mice

Consumer Electronics:
Video Game Consoles and Video Games
Digital cameras and related accessories
Electronic Toys, Games, and Children’s Devices
Calculators﻿

Audio equipment:
Amplifiers, VCR, CD/DVD and Blue-Ray players, Receivers, Video projectors, Speakers, Radios, Boomboxes

Media:
Note: we do not recycle any media - we only take reusable media that we can distribute to customers / volunteers.
If donating a computer - any media that came with it
Sealed (unused) CDs, DVDs, Floppies, Zip/Floptical disks
Original media for any age games, operating systems, productivity software
VHS, CD, DVD, Blu-ray, audio tapes, etc with original content - movies / albums
Flash drives, memory cards, video game cartridges","Consumer Electronics :
Any type of TVs - LCD, LED, CRT or Projection
CRT monitors
Printers, Scanners, Fax Machines, Toner/Ink/Printer cartridges
Land-Line phones
Solar Panels
Blank or used VHS / Beta and audio tapes

Household Items:
Small household appliances (lamps, vacuum cleaners, microwaves & food appliances etc)
Large household appliances (stoves, washers, dryers, dishwashers)
Light bulbs (Fluorescent, incandescent etc)
Sewing machines
Styrofoam, boxes, books, magazines

Items with Hazardous Materials:
Electronics or appliances that contain refrigerants (such as Freon). This includes air conditioners, dehumidifiers, refrigerators, ice making machines etc.
Electric toothbrushes
Smoke and carbon monoxide detectors
Devices containing liquid mercury
Gas powered devices such as Lawn Mowers, Snow Blowers etc.
Radioactive materials


","Yes! We have tasks that volunteers with different skillsets and interests can do. Walk-ins welcome, but be 16 or older. 
Typical hours: Friday, Saturday, Sunday 12-5pm. 

More info: https://www.freegeektwincities.org/volunteering
",,,,,,,,,,,,,,,,,,,,,,,,,,,,,,,,,,,,,,,https://www.freegeektwincities.org/donate,,,,,,,,,,,,,"9-BUS-(1 block),7-BUS-(3 blocks)",
Sisters' Camelot Food Share: Park Avenue United Methodist Church,5/14/2024 9:54pm,Powderhorn,"3400 Park Ave, Minneapolis, MN 55407",44.9409817,-93.2678595,"Sisters' Camelot shares food at Park Ave UMC on some Tuesdays & Thursdays. Hours and location vary - see Facebook page for most current information: 
https://www.facebook.com/SistersFoodshare/ 

The beloved kitchen bus needs new tires and other mechanical repairs in order to continue traveling safely. To learn more, share, and/or donate:
Facebook post: https://www.facebook.com/SistersFoodshare/posts/1370004926841779 
GiveMN Campaign: https://www.givemn.org/story/Sq5i5g 

Sisters' Camelot's frequent locations include:
- Walker Church (3104 16th Ave S in Minneapolis)
- Soup for You (2511 Franklin Ave East in Minneapolis)
- Park Avenue Church (3400 Park Avenue South in Minneapolis)
- UROC (2001 Plymouth Ave N in Minneapolis)
- St. Mary's University Center (2540 Park Avenue South in Minneapolis)",no,never,,no,not today,,,"(as of 4/6) Clean paper grocery bags, Ziploc bags",,,,,,,,,,,,,,,,,,,,,,,,,,,,,,,,,,,,,,,,checked,https://www.givemn.org/organization/Sisterscamelot,,,,checked,,,,checked,,,,,5-BUS-(2 blocks),checked
Northside Achievement Zone (NAZ),4/5/2023 10:36am,Willard-Hay,"2123 West Broadway Avenue #100, Minneapolis, MN 55411",45.0037327,-93.3079659,"Monday - Friday: 9:00am - 4:30pm

The Northside Achievement Zone (NAZ) exists to permanently close the achievement gap and end generational poverty in North Minneapolis. With partner organizations, NAZ works with low-income families as they put their children on a path to college.

To enroll in NAZ, you must live within North Minneapolis, have at least one child pre-birth to age 18, and be actively enrolled/engaged with one of our referral partners. Families are referred for enrollment into NAZ by our partners. Our ability to accept referrals is dependent on roster sizes.

Services include; Early childhood support and knowledge, mentoring programs, after-school and summer educational support, support the stability of the household, family support, career, finance and adult education support and connections with other families. 

https://northsideachievement.org",no,----,,no,----,,,,,,,,,,,,,,,,,,,,,,,,,,,,,,,,,,,,,,,,,,,,,,,,,,,,,,,,,"19-BUS-(1 block),CLine-BUS-(1 block),14-BUS-(1 block)",
People Serving People - Crisis Response and Emergency Shelter,2/7/2024 12:14pm,Downtown East,"614 South 3rd Street, Minneapolis, MN 55415",44.9782961,-93.2602622,"Donation Drop Off Hours:
Monday–Friday, 7:00am-5:30pm
Saturday 1:00pm-3:30pm

IF YOU ARE IN NEED OF SHELTER CALL: 651-291-0211
Shelter Resources Listed Here: https://www.peopleservingpeople.org/shelter-guests/directory-and-info/

Drop off location is at the loading dock. 
People Serving People has a huge amount of resources including but not limited to family programming, emergency shelter, technology resources, and family advocacy available. This link has a full list of all of their programs and services: https://www.peopleservingpeople.org/about/programs-and-services/ ",no,----,,no,----,,,"(as of 03/2023)
Baby
(all Baby items must be NEW)
Baby Bottles
Baby Bottle Brushes
Baby Washcloths
Bibs
Diapers Sizes 1-7
GoodNites – All Sizes, Girls’ and Boys’
Infant Play Mats
Juice (Juicy Juice brand preferred)
Pacifiers
Pull-Ups – Girls’ – 3T, 4T, 5T
Pull-Ups – Boys’ – 4T, 5T
Similac® Advance Powder Formula
Similac® NeoSure OptiGRO Formula
Similac® Sensitive Powder Formula
Similac® Soy Isomil Powder Formula
Sippy Cups
Sleep Sacks – New
Teethers
Wipes

Bedding
Air Beds – New
– Twin, Full, Queen
Blankets- New
Pillows- New
Pillow Cases – New or Used
Sheet Sets (Flat and/or Fitted) – New or Used
– XL Twin, Full

Clothing
SOME new and used clothing is being accepted at this time. Please check list here or email Maria at mpederson@peopleservingpeople.org.
All other clothing donations (including socks and shoes) are not being accepted at this time.

Household
(all Household items must be NEW)
Bath towels and washcloths
Bleach
Bottled water
Brooms & mops – New
Clorox Wipes
CLR
Dish Detergent
Dish Towels
Dryer Sheets
Face Masks
Forever Stamps
Gift Bags – Large
Gift CardS- Amazon, Gas Cards, and Target preferred 
Kleenex (any brand facial tissues)
Laundry Hamper or Basket
Paper Towels
Liquid Laundry Detergent HE (8oz or 12oz size)
New Pots and Pans Sets
New Dishware Sets
New Silverware Sets
New Glass Cup Sets
Pencils (Mechanical Preferred)
Pens
Reusable Water Bottles
Scrubbing Bubbles
Sponges (2-Packs)
Surface Cleaner
Storage Bins with lids- New or used
Toilet Bowl Cleaner
Toilet Paper
Trash Bags
White Letter-Sized Paper
Windex

For Food Services Department
Ziploc bags – Sandwich size, Quart size, Gallon size
Individually packaged snacks (Goldfish, Cheez-its, etc.)
GoGo Squeeze
Granola bars
Juice boxes (Juicy Juice preferred brand)

For our Facilities Department
Cable Signal Strength Tester – New or Used
Commercial Hammer Drill – New or Used
Electric Paint Shaker – New or Used
Infrared Camera – New or Used

For K-12 Department:
Board games – New
Card games – New
Art supplies – New
Glitter pens – New
Slime kits – New
Books/comics featuring BIPOC
Electronic games – (Must be pre-approved by Maria at mpederson@peopleservingpeople.org)
Phone chargers – New
Mindfulness coloring books – New
Colored pencils – New
Poppits/fidget toys – New
BIPOC dolls/barbies
Speakers
Black hair care
Wigs – New
Hair tools (curlers, straighteners, etc.) – New
Journals
Sketch books
Purses – New
Jewelry – New
Musical instruments – New
Nail polish/Fake nails – New
Makeup – New
Skincare products – New","(as of 03/2023)
USED baby items of any kind
Baby formula (powdered) within 2 months of the expiration date
Baby formula (ready-made liquid)
Breast pumps (new or used)
Car seats (new or used)
Clothing- (clothing donations must be pre-approved by Maria at mpederson@peopleservingpeople.org)
Cribs
Electronics (Best Buy Stores accept electronics purchased anywhere)
Food items (unless pre-approved by food services staff: call 612.277.0203)
Furniture, including bed frames, mattresses, and household furnishings
Hand Sanitizer
Purses
Shoes
Socks
Strollers
Stuffed animals
Toys that are used
Vitamins","Yes, to see volunteer opportunities please follow this link: https://www.peopleservingpeople.org/home/volunteer-2/

Help deliver meals, volunteer individually or in a group, volunteer as a family (on site or from home), start a fundraiser!",,,,,,,checked,,,,,checked,,,,,,,,,checked,,checked,checked,checked,,,,,,,,,,,checked,,checked,https://www.peopleservingpeople.org/get-involved/in-kind-donation-form/,,,,,checked,,,,,,,,"7-BUS-(1 block),22-BUS-(1 block),465 Express-BUS-(1 block),475 Express-BUS-(1 block),3-BUS-(2 blocks),22-BUS-(2 blocks),460-BUS-(2 blocks),477-BUS-(2 blocks),490-BUS-(2 blocks),493-BUS-(2 blocks),600-BUS-(2 blocks),755-BUS-(2 blocks),756-BUS-(2 blocks),764-BUS-(2 blocks)",
Hope Street Shelter,6/28/2023 10:13pm,Northrop,"1121 East 46th Street, Minneapolis, MN 55407",44.9190140,-93.2601290,"Catholic Charities' Hope Street Shelter provides shelter for youth and young adults age 18-22. It is open 24 hours a day. They can be reached at (612) 204-8211. More information about their services, including school outreach and long-term support, is available here: https://www.cctwincities.org/locations/hope-street-shelter/

Shelter for youth ages 18 up to 22nd birthday, 30-day average stay, longer stays available if needed. Basic needs; food, shelter, clothing, and laundry.

Additional services include crisis counseling and support, case management, mental health and chemical dependency counseling, on-site medical care, Independent Living Skills training, one-to-one educational assistance.",no,----,,no,----,,,,,,,,,,,,,,,,checked,,,,,,,,,,,,,,,,,,,,,,,,,,,,,,,,,,,,,,,,,46-BUS-(2 blocks),
Cafe Racer Kitchen: Break Bread Free Meals,5/25/2024 12:28am,Seward,"2929 East 25th Street, Minneapolis, MN 55406
",44.9573175,-93.2285438,"Once a month Cafe Racer hosts a free lunch for anyone and everyone.
Last Monday of each month: 11am-1pm

Free meals by request anytime during open hours - please call to request one: 612-208-1695 
Monday: CLOSED except for monthly Break Bread Free Lunch
Tuesday-Thursday: 8am - 3pm
Friday 8am - 8pm
Saturday: 9am - 8pm
Sunday: 9am - 2pm

More details:
We recognize that food inequities are still very much a reality in our community. Because of this, we have decided that anytime we are open, someone can call and ask for a Break Bread meal. This meal will be available at no charge and will be created with care to accommodate any special dietary needs. All someone needs to do is order a Break Bread meal when calling, and our staff will be able to walk them through the ordering and pickup process. Our monthly Break Bread meals will still be held the last Monday of the month for a large, coordinated effort by us to reach out and serve those in need.

Facebook Events series: https://www.facebook.com/events/485403257074254/485408170407096 
Website: http://www.caferacermn.com/  ",no,----,,no,----,,,,,"Yes. We run on donations and volunteer delivery drivers. Interested in volunteering? Send us a private message on Facebook or email us at caferacermn@gmail.com.
https://www.facebook.com/caferacermn/ ",,,,,,,,,,,,,,,,,,,,,,,,,,,,,,,,,,,,,,checked,https://checkout.square.site/merchant/79E7C6C06TCF9/checkout/3KWEIVNA7TPE64YTHHVVYTO7,,,,,,,,,,,,,9-BUS-(3 blocks),
Listening House,3/27/2024 10:45pm,Dayton's Bluff,"421 E 7th St, St Paul, MN 55101",44.9542173,-93.0833156,"NEW location and hours!
Wednesday - Sunday: 12pm - 8pm

Lunch is served from 1:30 - 2:15pm
Dinner is served from 5:30 - 6:15pm


We will start accepting clothing donations again next Thursday (Nov.16). To schedule a drop-off time, go to:  https://www.listeninghouse.org/items 

Listening House is a sanctuary from the streets where practical assistance, counsel, and a friendly ear are offered to all people. 

The most common visitors to Listening House are people experiencing homelessness, deep poverty, and/or deep loneliness. Staff and volunteers aspire to create a sense of community and connection by promoting dignity for all. Dignity nurtures hope, which in turn strengthens personal resolve toward positive change.


COVID-19 POLICY
In accordance with MN Department of Health recommendations, Listening House of St. Paul closely monitors exposures to COVID-19 and other viruses for staff and guests. We work closely with our community health partners to offer resources. 
Masks are not required but encouraged.

651-227-5911
https://listeninghouse.org/ https://www.listeninghouse.org/items",no,----,,no,----,,"    Raincoats/ponchos
    Socks
    [New] Underwear - All Sizes
    Sweatpants - All Sizes
    Men’s jeans, sizes 32 to 48, and women's jeans, sizes 2 to 16
    Men’s shorts, sizes 32 to 38, and women’s shorts, sizes 0 to 14
    Belts
    Shoes Men’s and women’s] - All sizes
    Backpacks & duffle bags with WORKING zippers
    Mugs & bowls
    Sunscreen
    Bug Spray",New or freshly laundered adult practical/seasonally appropriate clothing,"Kids' clothes, men’s and women’s business wear, sandals, household, and miscellaneous items",Yes - information and application here: https://www.listeninghouse.org/volunteer,,,,,,,,,,,,,,,,,,,,,,,,,,,,,,,,,,,,,,checked,https://listeninghouse.org/make-a-gift,,,,,,,,,,,,,"54-BUS-(1 block),61-BUS-(1 block),74-BUS-(1 block),64-BUS-(1 block)",
VEAP (Volunteers Enlisted to Assist People) - Mobile Food Pantry at Dar Al-Farooq Islamic Center,8/16/2023 11:27am,South Suburbs,"8201 Park Ave S, Minneapolis, MN 55420",44.8557005,-93.2649622,"Fridays: 12:00-2:00pm at the Dar Al-Farooq Islamic Center.

VEAP's Mobile Food Pantry brings fresh produce and other healthy foods directly to people in our service area. All are welcome!  Check our events calendar for detailed information on our distribution locations and schedule: https://veap.org/events/",no,----,,no,----,,"$25 gift cards to pass along to our participants, specifically from grocery stores like Cub Foods.Can be dropped off at Door 4 behind the building, or mailed directly.","Check https://veap.org/most-needed-items/ for the latest list. Currently, the items most needed are as follows:Whole grain rice (1-2 pound bags) & whole grain pastas
Hearty soups (high protein, low sodium)
Toilet paper
Paper towels
Diapers (size 5-7) and baby wipes
Whole grain cereal (like Shredded Wheat, Kashi, bran cereals, Chex, etc.)
Cooking oil
Coffee
Baking essentials (flour, sugar, spices, baking soda/powder)
Laundry detergent
Dish soap
Personal care items (shampoo, toothpaste, hand soap, shaving cream, toiletries, etc.)
Gluten-free products (whole grains like brown rice, wild rice, quinoa, cornmeal; nut flours and butters; rice crackers, GF snacks, etc. Check for gluten-free product label.)
Birthday cake frosting, birthday-themed napkins/plates, cake mix, small birthday party favors like chalk, bubbles or bags of balloons
Paper bags and re-usable totes (We’ll always take your extra paper grocery bags. We are not accepting plastic bag donations).
","clothing, winter gear, furniture, medical equipment, toys (temporarily suspended), and utensils. Please visit our resource page for a list of other community partners that may take these items (https://veap.org/where-to-donate-items-veap-cannot-accept/).

Also can an only accept frozen and refrigerated products from organizations in the food industry and items must be individually labeled with ingredients & source/origin information","Volunteers needed inside our pantry, warehouse and other areas at VEAP.

Additionally, volunteer drivers needed. No experience or vehicle needed. Drivers will drive a VEAP minivan to deliver prepackaged fresh and shelf-stable foods to seniors, participants with disabilities, as well as community members without transportation.

All volunteers ages 18 and older are required to complete a criminal background check prior to volunteering. Volunteer Drivers are also required to pass a motor vehicle check, have a valid driver’s license, and proof of insurance.
Driver shifts are on-site at VEAP and begin every weekday at 9:00 a.m., 11:00 a.m., and 2:00 p.m. Evening driving shifts now available on the 1st and 3rd Thursday of each month at 4:30 - 7:00 p.m.

Info and sign up at https://veap.org/now-seeking-volunteer-van-drivers/",,,,,,,,,,,,,,,,,,,,,,,,,,,,,,,,,,,,,,,,,,,,,,,,,,,,553-BUS-(3 blocks),
Community Action Center of Northfield- Main Food Shelf and Resource Center location,4/10/2024 11:51am,,"1651 Jefferson Parkway, Northfield, MN 55057",44.4419600,-93.1669200,"Resource Center Hours: 
Monday-Friday, 9am-5pm

Food Shelf Hours (to receive or to donate food):
Mondays and Tuesdays, and Thursdays: 11am-5pmFridays: 9:30am-2pm
(Closed Wednesdays)

Walk-ins welcome- no appointment needed!
-Food is available for anyone who needs it up to once per week.
-No ID or proof of income is required. Minimal information is requested (name, address, number of people in your household, ages).
-Any information shared with us is kept confidential.
-Our staff speak English, Spanish, and Somali.
-No transportation? We can deliver!

Questions? Fill out the contact form (https://communityactioncenter.org/get-help/) or call all us at (507) 664-3585.",no,----,,no,----,,,(as of 04/2023) Food donations of all kinds - we have ample fridge/freezer space! Info about most requested items can be found here: https://communityactioncenter.org/files/Nfld-Top-5-items-wanted.pdf,,"(as of 04/2023)
Yes, in both Northfield and Faribault. Find more volunteering info at  https://communityactioncenter.org/volunteer/",,,,,,,checked,checked,,,,,,,,,checked,,,,,,,,,,,,,,,checked,,,,,,checked,https://communityactioncenter.org/donate/,,,,checked,,,,checked,,,,,,
The Nutritious U food pantry - Boynton Health (UMN Students Only),9/20/2023 5:19pm,University of Minnesota,"300 Washington Ave SE, Minneapolis, MN 55455
",44.9730389,-93.2350353,"Free meal Thursdays 
To-go, chef prepared meals available to any University of Minnesota student. Partnership between Kitchen Coalition (Second Harvest Heartland), the Campus Club, and Swipe Out Hunger.
Located at Coffman Memorial Union, outside Nutritious U Food Pantry (Room 103A) 4:00 pm - 5:00 pm while meals last

St. Paul Campus Mobile Food Shelf available on various dates; see the calendar at https://boynton.umn.edu/food-pantry",no,----,,no,----,,,,,,,,,,,,,,,,,,,,,,,,,,,,,,,,,,,,,,,,,,,,,,,checked,,,,,,,,,,"2-BUS-(1 block),121-BUS-(1 block),122-BUS-(1 block),123-BUS-(1 block),465 Express-BUS-(1 block),475 Express-BUS-(1 block),698 Express-BUS-(1 block),774 Express-BUS-(1 block),789-BUS-(1 block),795-BUS-(1 block),Green-GREENLINE-(2 blocks)",
Family Means Cimarron Youth Center,5/10/2023 7:24pm,East Suburbs," 873 Lake Elmo Ave N, Lake Elmo, MN 55042",44.9635900,-92.8830910,"FamilyMeans accepts new and gently-used donations of in-kind items all throughout the year. To donate, please reach out to communications@FamilyMeans.org.",no,----,,no,----,,,Chewy wishlist: https://www.chewy.com/g/people-pets-together_b92181939,,,,,,,,,,,,,checked,,,,,,,,,,,,,,,,,,,,,,,,,,,,,,,,,,,,,,,,,,
St. Paul Opportunity Center - Catholic Charities Dorothy Day Center,4/1/2024 9:40pm,Downtown St. Paul,"422 Dorothy Day Pl, St Paul, MN 55102",44.9469352,-93.1020173,"The St. Paul Opportunity Center is open from 9:00am-5:30pm daily. Services such as healthcare, meals, and laundry are provided. 

Meal Service:
Breakfast: 9:00am – 9:45am
Lunch: 11:45am – 12:45pm
Dinner: 4:30pm – 5:15pm

More information is available here: https://www.cctwincities.org/locations/saint-paul-opportunity-center/ 

To call for more information: 651-404-6407",no,----,,no,----,,,,,,,,,,,,,,,,,,,,,,,checked,,,checked,,,,,,,,,,,,,,,,,,,,,,,,,checked,,,,,,"21-BUS-(2 blocks),63-BUS-(2 blocks),21A-BUS-(2 blocks),64-BUS-(2 blocks),54-BUS-(3 blocks),74A-BUS-(3 blocks)",
Anoka County Library Warming / Cooling Site: Centennial Library,10/26/2022 10:53pm,NW Suburbs,"100 Civic Heights Cir, Circle Pines, MN 55014",45.1443988,-93.1555378,"Hours: 
Monday 11am-7pm
Tuesday 10am-6pm
Wednesday 10am-6pm
Thursday 11am-7pm
Friday 10am-5pm
Saturday 10am-5pm
Sunday closed",no,----,,no,----,,,,,,,,,,,,,,,,,,,,,,,,,,,,,,,,,,,,,,,,,,,,,,,,,,,checked,,,,,,,
Friendship Church Prior Lake - Food Distribution,4/4/2024 12:24pm,South Suburbs,"17741 Fairlawn Ave, Prior Lake, MN 55372",44.6940444,-93.4574025,"2nd Thursday of each month, 5:30pm - 7:30pm

Free food distribution - intended for low income families or those going through a time of crisis. 
Food & Household Products
Bring your own boxes to carry items
One registration per household
952-447-8282
https://friendshipmn.org/events/search.asp?EventName=second",no,----,,no,----,,,,,"Yes, learn more: https://friendshipmn.tpsdb.com/OnePageReg/1918",,,,,,,,,,,,,,,,,,,,,,,,,,,,,,,,,,,,,,,,,,,,,,,,,,,,,
Anoka Covenant Church,9/21/2022 9:07pm,NW Suburbs,"752 Grant Street, Anoka, MN 55303",45.2098021,-93.3762658,"Food Shelf Hours:
Monday: 12:00-2:00pm",no,----,,no,----,,,,,,,,,,,,,,,,,,,,,,,,,,,,,,,,,,,,,,,,,,,,,,,,,,,,,,,,,805-BUS-(1 block),
Fridley Covenant Church Manna Market,4/12/2023 8:05pm,NW Suburbs,"6390 University Ave. NE Fridley, MN 55432",45.0842981,-93.2643766,"Tuesdays: 4:00pm - 6:00pm

Guests drive through as volunteers load free groceries into their vehicles. As a courtesy to our neighbors, we ask that guests do not arrive before 3:30pm.

Manna Market is a food distribution ministry at Fridley Covenant Church, in partnership with Second Harvest Heartland. We serve residents of Fridley, Columbia Heights, Hilltop, and Spring Lake Park. A variety of food items is available, typically including fruits, vegetables, breads, meats, snacks, and desserts.

We are open to the public most Tuesdays from 4:00–6:00pm, year round (weather permitting). To find out if Manna Market is closed due to weather, call the Manna Market Hotline at 612-440-3386 and listen to the pre-recorded message.",no,----,,no,----,,,,,"(as of 04/2023)
Yes! If you would like to get involved in Manna Market, whether you attend church with us or just want to participate in a great local community service, contact us at https://fridleycov.org/contact?manna-market or leave a message at 612-440-3386. We will get back to you to discuss current volunteer opportunities.",,,,,,,,,,,,,,,,,,,,,,,,,,,,,,,,,,,,,,,,,,,,,,,,,,,,,
Grace Evangelical Free Church - Free food Distribution,4/24/2024 11:20pm,NW Suburbs,"755 73rd Avenue NE, Fridley, MN 55432",45.1012645,-93.2525334,"Free food distribution: 2nd Friday of the month: 5pm-7pm. 
Next date: May 10

REGISTRATION IS REQUIRED on the same day from 10am-3pm OR 4:30pm-6:45pm Learn more: https://gracefree.org/food-distribution 

Guests will receive a time slip at registration, and should return at the designated time with the time slip.

(763) 784-7199",no,----,,no,----,,,,,(as of 01/2024) Yes - more info and a form to fill out here: https://gracefree.org/food-distribution,,,,,,,,,,,,,,,,,,,,,,,,,,,,,,,,,,,,,,,,,,,,,,,,,,,,,
Islamic Center of Minnesota,5/22/2024 9:08pm,NW Suburbs,"1401 Gardena Ave NE, Fridley, MN 55432",45.0756068,-93.2352908,"3rd Sunday of every month, 11am-1pm.

Pre-registration is required for new clients; please call (763) 571-5604 between 9:00am and 1:00pm, Saturday through Thursday. 

No-boundaries, no-restrictions food shelf serving all the residents of Minnesota. 
Please call us at: (763) 571-5604 or email us at: icm@islamiccentermn.org
ID is required; no restrictions by zip code.",no,----,,no,----,,,,,,,,,,,,,,,,,,,,,,,,,,,,,,,,,,,,,,,,,,,,,,,,,,,,,checked,,,,25-BUS-(2 blocks),
New Life Church - Ramsey,3/7/2024 8:30am,NW Suburbs,"17261 St. Francis Blvd NW, Ramsey, MN 55303",45.2834153,-93.4167765,"Food shelf open
Fourth Thursday of every month, 5:00pm - 6:30pm
Contact (763) 421-0166 with any questions.
https://www.newlifemn.org/outreach-ministries/local-outreach/foodshelf-homeless/ ",no,----,,no,----,,,,,,,,,,,,,,,,,,,,,,,,,,,,,,,,,,,,,,,,,,,,,,,,,,,,,,,,,,
Substance Church Manna Market,4/12/2022 12:17pm,NW Suburbs,"8299 Central Ave NE, Spring Lake Park, MN 55432",45.1183942,-93.2364103,"Free food:
Mondays and Thursdays 4pm-6pm
Saturdays 10am-12pm

(763) 238-6126 ",no,----,,no,----,,,,,"Yes! Check here for volunteer instructions: 
https://substancechurch.com/mannamarket/ ",,,,,,,,,,,,,,,,,,,,,,,,,,,,,,,,,,,,,,,,,,,,,,,,,,,,,
Trinity Lutheran Church Manna Market,4/25/2022 2:50pm,,"3812 229th Ave NW St Francis, MN 55070",45.3842092,-93.3630475,"Fridays 6:00pm-7:00pm. 
Manna Market distributes fresh fruits and vegetables, meat, milk, dairy products, bread and baked goods. Registration and fellowship 5 PM - 7 PM, distribution at 6 PM. All participants will receive distribution in random order. Call the church office for more information at (763) 753-1234",no,----,,no,----,,,,,,,,,,,,,,,,,,,,,,,,,,,,,,,,,,,,,,,,,,,,,,,,,,,,,,,,,,
Hoops and Homework Life Enrichment Program,3/20/2023 1:49pm,Bryn Mawr,"252 Upton Ave S, Minneapolis, MN 55405",44.9747326,-93.3160142,"Open for distribution 
Tuesdays and Thursdays: 9am-11:30am. 

Open for receiving donations: 
Mondays and Fridays: 9 am-3 pm. 

An ID is required to receive services.",no,----,,no,----,,,"Dish detergent, shampoo, bleach, hand sanitizer, clothes detergent, sensitive detergent, diapers, Lysol wipes or spray, mouthwash, deodorant, baby wipes, Pine-sol, socks, t-shirts, toilet paper, alcohol, Ajax/Comet, lotion, paper towels, gloves, garbage bags, wash clothes, towels, toothpaste/toothbrushes, masks, bandaids, soap/body wash, cleaning sponges, ethnic hair oils, baby oil, menstrual products including tampons, other hygiene products, other cleaning supplies, gift cards",,,,,,,,,,,,,,,,,,,,,,,,,,,,,,,,,,,,,,,,,,,,,,,,,,,,,,9-BUS-(1 block),
Lutheran Church of the Ascension Free Food Distribution,2/8/2024 12:06am,South Suburbs,"1801 Cliff Rd E, Burnsville, MN 55337
",44.7901686,-93.2483913,"Free food distribution every Saturday, beginning at 11:00am 
This is a drive-through distribution. Recipients generally receive fresh produce, deli items, bread, and sweets depending on that day's donations. 

Community meals provided (eat in or take to go) on the 1st and 3rd Monday of each month from 5:30-6:15pm.

More information: http://www.ascensionburnsville.org/home",no,----,,no,----,,,,,"(as of 11/2023) Yes, for the community meal! Sign up here: https://signup.com/client/invitation2/secure/5585404920104/false#/invitation",,,,,,,,,,,,,,,,,,,,,,,,,,,,,,,,,,,,,,,,,,,,,,,,,,,,442-BUS-(2 blocks),
CHAP Store Food Shelf,9/21/2022 9:13pm,South Suburbs,"2020 Highway 13 East Burnsville, MN, 55337",44.7902555,-93.2432918,"Food Shelf Hours: Mon-Sat, 10:30am-4:30pm
Accepting Donations:
Mon-Sat, 10am-6pm

Once you arrive, ask the friendly cashiers about putting in a food order. They will connect you with the right person. We ask that you stop in between 10:30 am - 4:30 pm to ensure that a team member is available to help!

Donations: All furniture is checked in through the front door. Ask a cashier for a staff member to check it in. We reserve the right to decline any item that does not meet our donation criteria.
Other items (clothing, household, etc...) can be placed in the black bins at the front of the store. Please have your items boxed or in bags. We are unable to pick up donations. Many customers have opted to rent an hourly truck to bring donations to us. We can help unload at CHAP.",no,----,,no,----,,,"(as of 9/21)
New and gently used items: Furniture, clothing, toys, household goods, books, and electronics are a few examples of the categories we are looking for.","(as of 9/21)
Mattresses, box springs, sleeper sofas, entertainment centers, printers, or older televisions.",,,,,,,,,,,,,,,,,,,,,,,,,,,,,,,,,,,,,,,,,,,,,,,,,,,,,444-BUS-(3 blocks),
Campus Cupboard at Normandale Community College,9/21/2022 9:11pm,South Suburbs,"9700 France Ave S, Bloomington, MN 55431",44.8298360,-93.3338377,"Location:  A 1560 (first floor Activities building)
Fall semester hours:
Monday-Thursday, 8am-5pm
Friday, 8am-4:30pm

Open to Normandale students only! Student ID number required.

We offer fresh and frozen groceries available all times, with no limits to how often you can visit or what you can take.
Grab-and-Go Meals: fresh or frozen meals supplied by Minnesota Central Kitchen. Students can get up to 2 meals per day, while supplies last.  

For updates, contact info, and notes on what to expect, see this link: https://www.normandale.edu/campus-cupboard",no,----,,no,----,,,,,,,,,,,,,,,,,,,,,,,,,,,,,,,,,,,,,,,,,,,,,,,checked,,,,,,checked,,,,"535-BUS-(1 block),539-BUS-(1 block)",
Western Communities Action Network (WeCAN),6/5/2024 8:01pm,,"5213 Shoreline Drive, Mound, MN 55364",44.9360175,-93.6565842,"Donations accepted:
Monday-Thursday 9:00am to 4:30pm

Distribution of food and personal care products is available to clients with the WeCAN service area Monday – Thursday, 9 a.m. to 4:30 p.m.

Western Communities Action Network (WeCAN) in Mound helps fight local hunger via its unique Mobile Market, which delivers food directly to low-income residents within their coverage area who have barriers to accessing a traditional food shelf. To view their coverage area click here: 
https://527028d9-549d-4587-94bc-f231d245e0f7.filesusr.com/ugd/70dc20_7be7a61b4d54491b8d6f850a9216b47e.pdf

They also provide rent and mortgage assistance, bill pay assistance, school assistance, job placement assistance, and other forms of community care. Learn more or sign up for programs here: https://www.wecanmn.org/get-help

Call 952-472-0742 for more information. ",no,----,,no,----,,,"Food
Personal care products
Household cleaning products
Diapers
Dog and cat food
School supplies
New blankets
New or gently used coats
New hats and mittens
New toys
View our amazon wishlist here: https://a.co/9LpzoYB

Monetary donations accepted here: https://www.eservicepayments.com/cgi-bin/Vanco_ver3.vps?appver3=Svo_-t6RN1jHVQpBPtFJs2jLtYA1MO-xT-a0rt4sS2yGGE4ZADUJ4Kx75oNzt6qHKAX6oPByc5MA-bCZvGbL1PVt4365cnzc3RbEg3xLli_q-tGXbaI6r04yonHG2s9yHTYSudVeJF1sVlryyYPvrQKpZsIcBqrySUg9XQVVEy3p0kShwFt1lZfEJ0hoZ172yYhJwZC1JNT0spduSo-3ug==&ver=3",,Yes! Find more information here: https://www.wecanmn.org/get-involved,,,,,,,,,,,,,,,,,,,,,,,,,,,,,,,,,,,,,,,,,,,,,,,,,,,,645-BUS-(3 blocks),
Really Really Free Market,2/27/2024 10:35pm,,"425 26th St W, Minneapolis, MN 55405",44.9552859,-93.2845291,"The Really Really Free Market will be at Whittier Park on the 
1st Saturday of each month (March - November): 1pm - 4pm
Upcoming Dates 2024: 
March 2

Bring what you can, take what you need. 
Conversation, art, music, food, good vibes are just as welcome as material items. 
No money, no trade, no barter.

The Really Really Free Market is an experiment in community and giving, a window into an actual gift economy. Everything here is FREE: offer what you'd like to give and take what you would like to receive. Food, music, and conversation are as welcome as objects!

Remember these guidelines to ensure a successful RRFM:
Gift only those items you would offer to a friend or relative. (nothing broken or unfixable, stained or dirty, missing essential parts or pieces, etc.)

Remember to take back items that don't find new homes. (We are all part of the collective community and responsible for ensuring the park is left better than we found it!)

Volunteer to help with set up and clean up! We start to set up around noon. Clean-up begins at 3:30 or so.

Bring tables and/or ground covering to display your items. 

Boxes and bags are always welcome!

Bring your smiles, laughter, and love of community with you. We are excited to gather together with everyone!

Facebook: https://www.facebook.com/TwinCitiesReallyReallyFreeMarket ",no,----,,no,----,,,,,"(as of 4/30/2023) Yes! 
Volunteer to help with set up and clean up! We start to set up around noon. Clean-up begins at 3:30 or so.",,,,,,,,,,,,,,,,,,,,,,,,,,,,,,,,,,,,,,,,,,,,,,,checked,,,,,4-BUS-(3 blocks),
Valley Outreach,4/10/2024 12:32pm,East Suburbs,"1911 Curve Crest Blvd, Stillwater MN 55082",45.0401300,-92.8319800,"In-person, drive-up, or delivery (to Ramsey and Washington Counties) for food and clothing:
By appointment:
Monday: 9:30-12:30pm
Tuesday: 1:30-6:30pm
Thursday: 1:30-6:30pm
Friday: 9:30am-12:30pm

Appointment booking and delivery information available here: https://valleyoutreachmn.org/food-shelf/

Donations accepted during open hours on Mondays, Tuesdays, and Thursdays (not Fridays!).
*Please do not leave items outside of our building at any time. Any items left outside need to be disposed of due to safety regulations.*

Please call 651-430-2739 if you need help with resource assistance or other service needs.",no,----,,no,----,,,"(as of 03/2023) 
Valley Outreach welcomes donations of non-perishable, unopened food items all year long and fresh garden produce during the summer and fall. We also need personal care items, feminine hygiene products and items for baby (diapers and wipes) to distribute to our shoppers.

Top food shelf needs:
-Cash: $25 cash donation goes a long way in purchasing food
-Spices and Oil: Salt/pepper, garlic, cumin, cinnamon, salad dressing, condiments, olive oil
-Canned Meats: Tuna, chicken, salmon, sardines
-Grains: Pasta, whole grain pasta, rice, quinoa, couscous
-Household Paper Items: Paper towels, toilet paper
-Shelf Stable Items: Whole grain, hot or cold, kid-friendly cereal and ready to eat soup
-Hygiene Products: Soap, shampoo/conditioner, toothpaste, toothbrushes, diapers (sizes 5&6), tampons, maxipads  

Also accepting in-season clothing donations in good condition. More information here: https://valleyoutreachmn.org/clothing-donations/",(as of 03/2023) Perishable food; clothing that isn't in season/in good shape - see website for more information about what can't be accepted: https://valleyoutreachmn.org/clothing-donations/,(as of 03/2023) Yes! New volunteers can sign up here: https://www.volgistics.com/ex/portal.dll/ap?ap=1588383776,,,,,,,,,,,,,,,,,,,,,,,,,,,,,,,,,,,,,,checked,https://valleyoutreachmn.org/donate-now/,,,,,,,,,,,,,294 Express-BUS-(3 blocks),
FOCUS Minnesota,5/2/2024 12:16am,Frogtown,"550 Rice Street, Saint Paul, MN 55103 ",44.9580920,-93.1056820,"Lunch Bag Distribution
Mondays-Thursdays: 11:30am-12pm (while supplies last)

Sunday Dinner (Takeaway Only): 
5-6:30pm

Food Shelf 
Upcoming 2024 dates: 
May 18, June 15, July 20
10am-11:30am


Clothes Closet:
Open Mondays, Wednesdays, and Thursdays between 10:00am-2:00pm by appointment, but walk-ins are welcome when space allows
Offer a range of clothing items and shoes for men, women, and children. During the winter months, we offer coats, boots and outerwear. We also offer personal hygiene items such as shampoo, soap, deodorant, toothbrushes, toothpaste, and razors, all based upon availability. Individuals can visit once a month. Please bring photo ID & proof of address
Call:  651-222-0712

Accepting Donations:
M, W, Thu: 10am-2pm",no,----,,no,----,,,"(new or clean and gently used) winter clothing, shoes, personal hygiene and linens

Call 651-222-0712 for questions about donations",,Yes! Link: https://mailchi.mp/25d4aa9c5537/volunteer ,,,,,,,,,,,,,,,,,,,,,,,,,,,,,,,,,,,,,,,,,,,,,,,,,,,,"3-BUS-(1 block),62-BUS-(1 block),67-BUS-(1 block)",
Family Pathways - Cambridge Food Shelf,6/5/2024 8:55pm,,"1575 1st Ave E, Cambridge, MN 55008",45.6180400,-93.2152100,"Monday-Friday, 9am-5pm

Phone: (763) 552-3663  
Website: https://www.familypathways.org/our-work/food-access-and-equity/food-shelves/

Call to make a first monthly appointment. Bring a photo ID and mail with your current address on it. You will be able to shop monthly—free of charge—for items your family will use and eat; perishable and non-perishable food items, household products, and personal hygiene products.
Besides your monthly appointment, weekly visits are encouraged—no appointment necessary—to pick up fresh dairy, deli, produce, and bread.

Donations can be brought to the food shelf, or look for food or other resource drive events on social media: https://www.facebook.com/familypathwaysnb/  ",no,----,,no,----,,,"Fresh produce, nonperishable foods, baby food and formula, personal hygiene and household cleaning products. More info/most-requested items here: https://www.familypathways.org/donate/food/",,"(as of 01/2023):
Yes - find info here: https://www.familypathways.org/volunteer/",,,,,,,,,,,,,,,,,,,,,,,,,,,,,,,,,,,,,,,,,,,,,,,,checked,,,,,
Family Pathways - Chisago Area Food Shelf,6/5/2024 8:55pm,NE Suburbs,"10586 Liberty Lane, Chisago City MN 55013",45.4072900,-92.8811500,"Monday and Thursday: 9am-5pm
Tuesday: 10am-5pm

Phone: (651) 257-1308  
Website: https://www.familypathways.org/our-work/food-access-and-equity/food-shelves/

Call to make a first monthly appointment. Bring a photo ID and mail with your current address on it. You will be able to shop monthly—free of charge—for items your family will use and eat; perishable and non-perishable food items, household products, and personal hygiene products.

Besides your monthly appointment,  weekly visits are encouraged—no appointment necessary—to pick up fresh dairy, deli, produce, and bread.

Donations can be brought to the food shelf, or look for food or other resource drive events on social media: https://www.facebook.com/familypathwaysnb/",no,----,,no,----,,,"Fresh produce, nonperishable foods, baby food and formula, personal hygiene and household cleaning products. More info/most-requested items here: https://www.familypathways.org/donate/food/",,"(as of 01/2023):
Yes - find info here: https://www.familypathways.org/volunteer/",,,,,,,,,,,,,,,,,,,,,,,,,,,,,,,,,,,,,,,,,,,,,,,,checked,,,,,
Family Pathways - Forest Lake Food Shelf,6/5/2024 8:57pm,NE Suburbs,"935 Lake Street S., Forest Lake, MN 55025",45.2717300,-92.9828200,"Monday: 9am-5pm
Tuesday: 9am-5pm
Wednesday: 9am-12pm
Thursday: 9am-5pm
Friday: 9am-5pm

Phone: (651) 464-2098 
Website: https://www.familypathways.org/our-work/food-access-and-equity/food-shelves/

Call to make a first monthly appointment. Bring a photo ID and mail with your current address on it. You will be able to shop monthly—free of charge—for items your family will use and eat; perishable and non-perishable food items, household products, and personal hygiene products.

Besides your monthly appointment,  weekly visits are encouraged—no appointment necessary—to pick up fresh dairy, deli, produce, and bread.

Donations can be brought to the food shelf, or look for food or other resource drive events on social media: https://www.facebook.com/familypathwaysnb/",no,----,,no,----,,,"Fresh produce, nonperishable foods, baby food and formula, personal hygiene and household cleaning products. More info/most-requested items here: https://www.familypathways.org/donate/food/",,"(as of 01/2023):
Yes - find info here: https://www.familypathways.org/volunteer/",,,,,,,,,,,,,,,,,,,,,,,,,,,,,,,,,,,,,,,,,,,,,,,,checked,,,,,
Family Pathways - Frederic Food Shelf,6/5/2024 8:59pm,Wisconsin,"1100 Wisconsin Ave. S, Frederic, WI 54837",45.6435800,-92.4688400,"Tuesday: 12pm-5pm
Wednesday: 11am-7pm
Thursday: 9am-5pm

Phone: (715) 327-4425
Website: https://www.familypathways.org/our-work/food-access-and-equity/food-shelves/

Call to make a first monthly appointment. Bring a photo ID and mail with your current address on it. You will be able to shop monthly—free of charge—for items your family will use and eat; perishable and non-perishable food items, household products, and personal hygiene products.
Besides your monthly appointment,  weekly visits are encouraged—no appointment necessary—to pick up fresh dairy, deli, produce, and bread.

Donations can be brought to the food shelf, or look for food or other resource drive events on social media: https://www.facebook.com/familypathwaysnb/",no,----,,no,----,,,"Fresh produce, nonperishable foods, baby food and formula, personal hygiene and household cleaning products. More info/most-requested items here: https://www.familypathways.org/donate/food/",,"(as of 01/2023):
Yes - find info here: https://www.familypathways.org/volunteer/",,,,,,,,,,,,,,,,,,,,,,,,,,,,,,,,,,,,,,,,,,,,,,,,checked,,,,,
Family Pathways - North Branch Food Shelf,6/5/2024 9:01pm,,"6381 Main St., North Branch MN 55056",45.5113700,-92.9789700,"Monday and Wednesday: 12pm-5pm
Thursday and Friday: 9am-5pm

Phone: (651) 674-8313
Website: https://www.familypathways.org/our-work/food-access-and-equity/food-shelves/

Call to make a first monthly appointment. Bring a photo ID and mail with your current address on it. You will be able to shop monthly—free of charge—for items your family will use and eat; perishable and non-perishable food items, household products, and personal hygiene products.

Besides your monthly appointment,  weekly visits are encouraged—no appointment necessary—to pick up fresh dairy, deli, produce, and bread.

Donations can be brought to the food shelf, or look for food or other resource drive events on social media: https://www.facebook.com/familypathwaysnb/",no,----,,no,----,,,"Fresh produce, nonperishable foods, baby food and formula, personal hygiene and household cleaning products. More info/most-requested items here: https://www.familypathways.org/donate/food/",,"(as of 01/2023):
Yes - find info here: https://www.familypathways.org/volunteer/",,,,,,,,,,,,,,,,,,,,,,,,,,,,,,,,,,,,,,,,,,,,,,,,checked,,,,,
Family Pathways - Onamia Food Shelf,6/5/2024 9:02pm,,"502 E Main St., Onamia MN 56359",46.0709800,-93.6665000,"Monday: 12pm-4pm
Wednesday: 12pm-4pm
Friday: 10am-2pm

Phone: (320) 532-7665.
Website: https://www.familypathways.org/our-work/food-access-and-equity/food-shelves/

Call to make a first monthly appointment. Bring a photo ID and mail with your current address on it. You will be able to shop monthly—free of charge—for items your family will use and eat; perishable and non-perishable food items, household products, and personal hygiene products.

Besides your monthly appointment,  weekly visits are encouraged—no appointment necessary—to pick up fresh dairy, deli, produce, and bread.

Donations can be brought to the food shelf, or look for food or other resource drive events on social media: https://www.facebook.com/familypathwaysnb/",no,----,,no,----,,,"Fresh produce, nonperishable foods, baby food and formula, personal hygiene and household cleaning products. More info/most-requested items here: https://www.familypathways.org/donate/food/",,"(as of 01/2023):
Yes - find info here: https://www.familypathways.org/volunteer/",,,,,,,,,,,,,,,,,,,,,,,,,,,,,,,,,,,,,,,,,,,,,,,,checked,,,,,
Family Pathways - Pine Community Food Shelf,6/5/2024 9:02pm,,"220 7th St. SW., Pine City MN 55063",45.8274700,-92.9714900,"Monday: 9am-5pm
Wednesday: 11am-5pm
Thursday: 9am-5pm

Phone: (320) 629-0128 
Website: https://www.familypathways.org/our-work/food-access-and-equity/food-shelves/

Call to make a first monthly appointment. Bring a photo ID and mail with your current address on it. You will be able to shop monthly—free of charge—for items your family will use and eat; perishable and non-perishable food items, household products, and personal hygiene products.

Besides your monthly appointment,  weekly visits are encouraged—no appointment necessary—to pick up fresh dairy, deli, produce, and bread.

Donations can be brought to the food shelf, or look for food or other resource drive events on social media: https://www.facebook.com/familypathwaysnb/",no,----,,no,----,,,"Fresh produce, nonperishable foods, baby food and formula, personal hygiene and household cleaning products. More info/most-requested items here: https://www.familypathways.org/donate/food/",,"(as of 01/2023):
Yes - find info here: https://www.familypathways.org/volunteer/",,,,,,,,,,,,,,,,,,,,,,,,,,,,,,,,,,,,,,,,,,,,,,,,checked,,,,,
Family Pathways - St Croix Falls Food Shelf,6/5/2024 9:04pm,Wisconsin,"2000 US Hwy 8, St Croix Falls WI 54024",45.3984900,-92.5709300,"Monday: 9am-5pm
Tuesday: 9am-5pm
Wednesday: 10:30am-5pm
Thursday: 9am-5pm

Phone: (715) 483-2920
Website: https://www.familypathways.org/our-work/food-access-and-equity/food-shelves/

Call to make a first monthly appointment. Bring a photo ID and mail with your current address on it. You will be able to shop monthly—free of charge—for items your family will use and eat; perishable and non-perishable food items, household products, and personal hygiene products.

Besides your monthly appointment,  weekly visits are encouraged—no appointment necessary—to pick up fresh dairy, deli, produce, and bread.

Donations can be brought to the food shelf, or look for food or other resource drive events on social media: https://www.facebook.com/familypathwaysnb/",no,----,,no,----,,,"Fresh produce, nonperishable foods, baby food and formula, personal hygiene and household cleaning products. More info/most-requested items here: https://www.familypathways.org/donate/food/",,"(as of 01/2023):
Yes - find info here: https://www.familypathways.org/volunteer/",,,,,,,,,,,,,,,,,,,,,,,,,,,,,,,,,,,,,,,,,,,,,,,,checked,,,,,
Family Pathways - Sandstone Food Shelf,6/5/2024 9:04pm,,"314 Main St., Sandstone MN 55072",46.1318900,-92.8671600,"Tuesday, Wednesday, and Thursday: 9am-5pm
Friday: 9am-12pm

Phone: (320) 245-2485
Website: https://www.familypathways.org/our-work/food-access-and-equity/food-shelves/

Call to make a first monthly appointment. Bring a photo ID and mail with your current address on it. You will be able to shop monthly—free of charge—for items your family will use and eat; perishable and non-perishable food items, household products, and personal hygiene products.

Besides your monthly appointment,  weekly visits are encouraged—no appointment necessary—to pick up fresh dairy, deli, produce, and bread.

Donations can be brought to the food shelf, or look for food or other resource drive events on social media: https://www.facebook.com/familypathwaysnb/",no,----,,no,----,,,"Fresh produce, nonperishable foods, baby food and formula, personal hygiene and household cleaning products. More info/most-requested items here: https://www.familypathways.org/donate/food/",,"(as of 01/2023):
Yes - find info here: https://www.familypathways.org/volunteer/",,,,,,,,,,,,,,,,,,,,,,,,,,,,,,,,,,,,,,,,,,,,,,,,checked,,,,,
CEAP - Community Emergency Assistance Programs- Food Shelf,3/22/2023 10:34am,NW Suburbs,"7051 Brooklyn Blvd, Brooklyn Center, Minnesota 55429",45.0840239,-93.3416040,"Curbside pickup:
Monday - Thursday: 9:00am-3:30pm 
Friday: 9:00am-12:00pm

Sign up at app.pantrysoft.com/login/ceap or call 763-566-9600 to make an appointment for food assistance. Arrive at your appointment time and follow the signs through the circle drive at the back of the building. Stay in your car.

60% of the food consists of fresh produce, including vegetables, fruit, meat and dairy, when possible. Non-perishable items comprise the rest of any order. The foods provided vary greatly from day to day, and season to season.

To donate food or household essentials: you can make your donation during CEAP's open hours, which are Monday-Friday 8am to 4:30pm. Please drive your vehicle up to our food shelf drive-through and park. A volunteer will come out shortly to collect your donation! It's always a good idea to call us (at 763-566-9600, option 6) before you drop off so you don't catch us in the middle of a busy distribution time or an all-staff meeting.

Learn more: https://ceap.org/what-we-do/
Questions: 763-566-9600 or info@ceap.com.",no,----,,no,----,,,"Food and hygiene products:
Canned and dry beans (kidney, garbanzo, black, pinto), canned tuna, chicken, ham or salmon, lentils, peanut butter, soup/chili, cereal, pasta of all types, rice (brown and white), flour, spaghetti/pasta sauce, vegetables (low or no sodium), tomatoes (diced, whole, paste), applesauce, fruit in juice (not syrup), spices, cooking oil/olive oil/ vinegar, condiments (ketchup, mustard, mayo, salsa, salad dressing), salt, pepper, sugar, laundry soap, stain remover, dryer sheets, dish soap, cleaning supplies, paper towels, toilet paper, toothpaste, toothbrushes, dental floss, bar soap, shampoo/conditioner/body wash, diapers, baby wipes, formula, diaper rash lotion, baby wash, deodorant","CEAP cannot accept frozen or refrigerated foods due to food safety concerns. We cannot accept expired (past their sell-by or best-by date) or opened food items. As of 08/2020, we cannot accept clothing, bedding or household items as our Thrift Store is closed. ","Yes! Learn more and sign up: https://ceap.org/get-involved/

Grocery packing: Monday-Thursday 8:30am to 12:00pm and 12:00-3:30pm.
Curbside grocery pick-up: Monday-Thursday 8:30am to 12:00pm and 12:00-3:30pm.
Food receiving/sorting: Monday-Thursday 8:30am to 12:00pm and 12:00-3:30pm.",,,,,,,,,,,,,,,,,,,,,,,,,,,,,,,,,,,,,,checked,https://ceap.org/get-involved/donate-overview/donate.html,,,,,,,,checked,checked,checked,,,723-BUS-(1 block),
Access Points- Valhalla Place Brooklyn Park,10/4/2023 12:10pm,NW Suburbs,"2801 Brookdale Dr N, Brooklyn Park, MN 55444",45.0956434,-93.3183887,"Open for distributing: 
Monday - Friday 5:30am - 2:00pm
Saturday 6:00am- 11:00am

Harm reduction supplies including naloxone, works, and syringes.  Ask front desk for Access Points program. 
Call 763-237-9898 for more info.",no,----,,no,----,,,,,,,,,,,,,,,,,,,,,,,,,,,,,,,,,,,,,,,,,,,,,,,,,,,,,,,,,"722-BUS-(1 block),763 Express-BUS-(1 block)",
COPAL,10/4/2023 12:31pm,Longfellow,"3702 E. Lake Street, Minneapolis, MN, 55406 ",44.9486000,-93.2187400,"https://copalmn.org/ 
Communities Organizing Latinx Power and Action (COPAL) 
Do you need assistance with access to food, access to health insurance, how to do your taxes, apply for unemployment, filling out the census, or other resources? Call to talk a COPAL Navigator who can answer your questions at 612-598-6632. 
Monday and Wednesday: 9am - 5pm
Tuesday and Thursday: 12pm - 8pm
Friday and Saturday: 9am - 1pm
(If you call outside of those hours leave us a message, a navigator will contact you.)

Comunidades Organizando el Poder y la Acción Latina (COPAL)

¿Necesita ayuda con pruebas de COVID-19, acceso a comida, seguro médico u otras necesidades básicas? Los navegadores de COPAL podemos ayudarle: 612-249-8736.
Lunes y miércoles: 9am - 5pm
Martes y jueves: 12pm - 8pm
Viernes y sábado: 12pm - 8pm
(Si llama fuera de esas horas déjenos un mensaje, un navegador lo contactara.)
",no,----,,no,----,,,,,"Yes, support COPAL's voter engagement, citizenship classes, policy advocacy, and more!
https://secure.everyaction.com/52z3fJ508EWAch21pIUKPw2 
Si, conviértase en voluntario con COPAL para apoyar nuestros esfuerzos de participación de votantes, clases de ciudadanía, defensa de políticas y más.",,,,,,,,,,,,,checked,,,,,,,,,,,checked,checked,,,,,,checked,checked,,,,,,,,,,,,,,,,,,,,"21-BUS-(1 block),9-BUS-(1 block)",
Farmington Food Shelf - 360 communities,5/10/2023 8:41pm,South Suburbs,"510 Walnut Street, Farmington, MN 55024",44.6364096,-93.1411019,"Food shelf open for distribution
Mondays and Thursdays, noon-6pm
(appointments for shopping available 12pm-5:30pm; pre-packed emergency bags available 12pm-6pm).

Accepting donations Mondays and Thursdays, 11am-5:30pm

DISTRIBUTION:
Emergency bags are a single bag of groceries, meant to get people through a couple days. To get an emergency bag, you will need to call the Farmington Food Shelf, 651-460-3819, on Monday or Thursday, noon to 6:00. 

Nutrition Assistance Program for Seniors (NAPS)
This is a government-funded program. The Farmington Food Shelf distributes NAPS food on every 3rd Thursday of the month, between noon and 6:00. You will need an appointment to participate in this program. You will need to call 360Communities at 952-985-5300 to set up an appointment. 

DONATIONS:
Please call first (so we can meet you at the door) at 651-460-3819 during our open hours. Or, contact foodshelf@farmingtonlutheran.com

Donations can also be dropped off at

Farmington Lutheran Church, 20600 Akin Road, Farmington

Faith Methodist Church, 710 8th St, Farmington

St. Michael’s Catholic Church, 22120 Denmark Ave, Farmington",no,----,,no,----,,,"Personal care and hygiene items; fresh fruits and vegetables; nonperishable foods (canned goods, condiments, baking supplies, etc). List of needed items is here: https://www.farmingtonfoodshelf.com/drop-off-and-donations",,"(as of 05/2023)
Yes, primarily on Mondays and Thursdays - find volunteering info at https://www.farmingtonfoodshelf.com/volunteer",,,,,,,,,,,,,,,,,,,,,,,,,,,,,,,,,,,,,,,,,,,,,,,,,checked,,,,
Shepherd of the Valley Food Shelf - 360 Communities •••By Appointment Only•••,5/10/2023 8:30pm,,"12650 Johnny Cake Ridge Road, Apple Valley MN 55124",44.7653725,-93.1857474,"Distribution and donation hours:
Tuesdays and Thursdays: 10am - 4pm

DISTRIBUTION:
Food Shelf is open by appointment only. Both pre-packed bags and shopping appointments are available. Please contact 360 Communities at 952.985.5300 for an appointment.

Contact the Food Shelf at 952.985.7388 (answered during food shelf hours only). 

DONATIONS:
Please bring any donations in a paper bag to the metal shelf by door 3 on Tuesdays and Thursdays from 10:00 am – 4:00 pm.
Please check expiration dates; we cannot accept food that is expired.",no,----,,no,----,,,List of needs is available here: https://www.sotv.org/monthly-food-shelf-collection/,,(as of 05/2023) Yes - information is available here: https://www.sotv.org/food-shelf-volunteer/,,,,,,,,,,,,,,,,,,,,,,,,,,,,,,,,,,,,,,,,,,,,,,,,,checked,,,440-BUS-(3 blocks),
Burnsville Resource Center - 360 Communities,5/10/2023 8:44pm,,"501 East Highway 13, Suite 112, Burnsville, Minnesota 55337",44.7807056,-93.2692450,"Distribution:
Schedule an appointment: (952) 985-5300
Monday - Thursday: 9am - 3:30 pm

Donation drop-offs: 
Monday -Thursday: 9am - 3:30pm

Nutrition Assistant Program for Seniors (NAPS) on every third Tuesday of the month from 10:00am-11:30am",no,----,,no,----,,,"Nonperishable foods, school supplies, household needs, and personal care items - see list here: https://360communities.org/food-drive/our-needs/",,"(as of 05/10/2023)
Yes, see website: https://360communities.org/volunteer/",,,,,,,,,,,,,,,,,,,,,,,,,,,,,,,,,,,,,,,,,,,,,,,,,checked,,,444-BUS-(2 blocks),
Messiah Community Food Shelf - 360 Communities,5/10/2023 8:36pm,South Suburbs,"16725 Highview Avenue, Lakeville, Minnesota 55044",44.7070771,-93.2392527,"The food shelf is open by appointment only - call 952-985-5300 to schedule an appointment. 
Appointments are available
Mondays, 12pm-6pm
Tuesdays, 10am-6pm
Thursdays, 10am-6pm
Saturdays, 9am-12pm

Donations accepted:
Tuesdays and Thursdays: 9am - 12pm 

When you arrive, go to the back parking lot and enter Door #3. (It will also be marked with a food shelf sign.) Special arrangements can be made for other drop off days and times. 

Donations can be dropped off at Messiah's office or the Food Shelf.",no,----,,no,----,,,"(as of 05/2023)
We accept donations of food and personal care items as long as they are in unopened packages and haven’t expired. We also accept monetary donations. 
See current food shelf needs here: https://messiahonline.org/food-shelf-needs/",,(as of 05/2023) Yes - fill out the form on the bottom of this page: https://messiahonline.org/messiah-community-food-shelf/,,,,,,,,,,,,,,,,,,,,,,,,,,,,,,,,,,,,,,,,,,,,,,,,,checked,,,,
Rosemount Resource Center - 360 Communities,5/10/2023 8:36pm,,"14521 Cimarron Avenue West, Rosemount, Minnesota 55068",44.7390359,-93.1412219,"Distribution and donation hours:
Monday – Thursday: 8am-4pm. AND
Tuesday evening additional hours: 5pm-7pm.

If you plan to drop off more than a carload of donations, or have other questions about donating, please call (651) 322-5113

Also has distribution for Nutrition Assistance Program for Seniors (NAPS) every Wednesday following the 1st Monday of the month.",no,----,,no,----,,,"Nonperishable foods, school supplies, household needs, and personal care items - see list here: https://360communities.org/food-drive/our-needs/",,"(as of 5/2023)
yes, for more information, go to https://360communities.org/volunteer/",,,,,,,,,,,,,,,,,,,,,,,,,,,,,,,,,,,,,,,,,,,,,,,,,checked,,,420-BUS-(1 block),
Hindu Temple of MN Health Clinics,11/30/2023 12:17am,NW Suburbs,"10530 Troy Lane North, Maple Grove, MN 55311",45.1465600,-93.5112700,"Every 4th Sunday of the Month 
11:00 am - 2:00 pm

Free and confidential consultations and referrals with a physician are available. Other services such as vaccinations, blood pressure management, and glucose and cholesterol tests also available.",no,----,,no,----,,,,,,,,,,,,,,,,,,,,,,,checked,,checked,,,,,,,,,,,,,,,,,,,,,,,,,,,checked,,,,,,
Asian Women United of Minnesota •••By Appointment Only•••,7/12/2023 10:47am,Unnamed record,"901 N 3rd St, Minneapolis, MN 55401",44.9886327,-93.2835629,"*Supply drop-off by appointment only.*

Asian Women United of Minnesota (AWUM) provides a safe place for all women and their children dealing with domestic violence, including physical, emotional, or sexual abuse, with a special focus on providing culturally competent services to women of Asian and Pacific Islander descent.

Please email awum@awum.org if you are interested in donating any items on the ""accepting"" list so we can arrange a drop-off location and time. ",no,----,,no,----,,,"Financial donations: https://www.givemn.org/organization/Asian-Women-United

Bath and Bedding:
Bath, hand & face towels (brand new); Linen sets for Twin, Full & Queen size beds (new preferred; gently used ok); Blankets (for bed & throw blankets; new preferred); Pillows & pillowcases (brand new)

Toiletries: 
Body lotion, Shampoo & conditioner (all sizes, including travel); Soap/shower gel (all sizes, including travel); Toothpaste & toothbrushes (for children & adults); Toilet paper

Cleaning supplies:
Laundry detergent (all sizes); Disinfecting / multi-purpose cleaners & sprays; Disinfecting wipes

Clothing (women and children aged 0-16 yrs):
Socks (brand new; for adult women, youth & children; girls & boys); Underwear for women, youth & children (BRAND NEW; various sizes; girls & boys); Shoes for girls & boys (new; various sizes; sneakers, boots, everyday shoes)

Kitchen: 
Liquid dish soap; Forks & spoons; dinner paper napkins; Cooking oil; Paper towels; Paper plates & bowls; Disposable cups (for hot and cold drinks)

Baby & Children items:
Wet wipes, diapers; Infant pacifiers (brand new, unused); Children’s story books & board books (Asian/Asian American protagonists/theme; English language); Paint (non-toxic, water-soluble); Paintbrushes (various sizes); Chalk (regular & jumbo sizes); Coloring books; Arts & Crafts materials (any other additional items to what is listed above)v",,Yes! Current needs are for receptionists and children's program assistant volunteers. Learn more at: https://www.awum.org/volunteer,,,,,,,,,,,,,,,,,,,,,,,,,,,,,,,,,,,,,,,,,,,,,,,,,checked,,,"3-BUS-(2 blocks),14-BUS-(1 block),7-BUS-(2 blocks)",
RAAN: Virginia,6/20/2022 3:09pm,,"505 south 12th Ave, Virginia, MN 55746 ",47.5185002,-92.5531998,"Thursdays 12:00pm-4:00pm

Services include: syringes, works, Naloxone

218-341-2698

Back entrance of the  Arrowhead Center ",no,----,,no,----,,,,,If volunteering weekly is possible please contact Jenn jhudson@thesannehfoundation.org ,,,,,,,,,,,,,,,,,,,,,,,,,,,,,,,,,,,,,,,,,,,,,,,,,,,,,
Joy Community Service - JCS,5/27/2024 2:00pm,Uptown,"810 W 31st St, Minneapolis, MN 55408",44.9471102,-93.2898822,"Free food!  
Drive-Through Food Distributions.
One Saturday each month (usually the last Saturday - check Facebook events link below to confirm), 10am - 12pm. 

Next 2024 date: 
April 27

Everyone is welcome. No need to register or show an ID; just show up.

We accept food donations by appointment, please email: joycommunityservice@gmail.com or call (612-367-7542) if you are planning to drop off any items.

Learn more and find upcoming event dates: 
Facebook: https://www.facebook.com/Joy-Community-Service-JCS-100847751664084/events/
Website Food Distribution Info Page: https://www.joycommunityservice.org/food-distribution-info 
Website: http://joycommunityservice.org/ ",no,----,,no,----,,,"(as of 3/24 per website) *by appointment only, please email: joycommunityservice@gmail.com or call (612-367-7542)*
Diapers
Baby wipes
Baby foods (formula)
Cereal
Paper towels
Paper tissues

https://www.joycommunityservice.org/donations ",,,,,,,,,,,,,,,,,,,,,,,,,,,,,,,,,,,,,,,,,,,,,,,,,checked,,,,,"4-BUS-(1 block),21-BUS-(1 block)",
RAAN: Hibbing,5/10/2023 7:24pm,,"2729 13th Ave E, Hibbing, MN 55746",47.4169827,-92.9246712,"Tuesdays 12pm-4pm
Syringes, Works, Naloxone, hygiene kits available

Greater MN Syringe Exchange site located inside Lakeview Behavioral Health
218-341-2698",no,----,,no,----,,,,,,,,,,,,,,,,,,,,,,,,,,,,,,,,,,,,,,,,,,,,,,,,,,,,,,,,,,
People Reaching Out to People,11/26/2023 11:20am,SW Suburbs,"14700 Martin Drive, Eden Prairie, MN 55344",44.8637957,-93.4636786,"Open for distribution and donations:
Monday: 9:30am-1:00pm
Tuesday 9:30am-1:00pm
Wednesday: 3:00pm-6:30pm
Thursday 9:30am-1:00pm
Friday: 9:30am-1:00pm

Food shelf is available to families and individuals generally once a month. New households are encouraged to call and make an appointment to speak with a case manager to review needs and determine additional resources PROP can provide (short-term emergency financial assistance, employment support, additional services)

PROP offers an extensive menu of food including essential items to stock a kitchen pantry, such as pasta, beans, breakfast goods, baking goods, boxed meals, and canned goods; as well as perishable items such as milk, eggs, and meat.

Also is a distribution center for NAPS (Nutritional Assistance for Seniors) and Senior Mobile Food Delivery Program

Learn more at https://propfood.org/food-programs or call 952-937-9120

Also has a Food Mart that is available by appointment only

Donations accepted on the west side of our building through the green door (https://propfood.org/food-donations/)",no,----,,no,----,,"(6/30)
Most Needed Items
- Baby food
- Spaghetti Sauce
- Granola Bars
- Peanut Butter
- Pancake Mix
- Instant Oatmeal

Produce
- Peppers
- Tomatoes
- Onions/Radishes
- Cucumbers
- Beans
- Squash/Zucchini
- Peas
- Potatoes

Gluten Free Items
- Pasta
- Flour
- Other GF items

Personal Care:
- Shampoo
- Conditioner
- Body wash
- Tooth brushes
- Tooth paste
 - Men’s and Women’s deodorant
- Women’s Hygiene Products
- Tampons
- Pads
- Pull-Ups : Boys and Girls all sizes

Paper products
- Baby Wipes
- Kleenex
- Paper Towels
- Toilet Paper","(as of 6/30) Collecting non-perishable food, fresh fruit/vegetables, personal care items and cleaning supplies

See list of most requested items at https://propfood.org/food-donations/
",,"(as of 6/30) Yes, volunteer positions are weekly ongoing commitments, with a commitment of at least 30 hours of service over a three month period

Apply at https://propfood.org/volunteer/",,,,,,,,,,,,,,,,,,,,,,,,,,,,,,,,,,,,,,,,,,,,,,,,,checked,,,,
Redeeming Love Church — Manna Market,12/24/2022 5:47pm,,"2425 White Bear Ave N, Maplewood, MN, 55109-5108",45.0146644,-93.0212201,"One Monday per month (December 27, 2022; 2023 dates: Jan 23, Feb 27, Mar 27, Apr 24, May 22, Jun 26, Jul 24, Aug 28, Sep 25, Oct 23, Nov 27, Dec 18). 4-5pm. Enter through Door 4.

Manna Market is the food shelf of Redeeming Love Church. It’s an open-house style market that includes free groceries to ANYONE struggling to put food on the table (open to all, no appointment needed). Please bring your own bags.

If you have additional questions, or would like to donate, o volunteer, email manna@redeeminglovechurch.com

Also: Blessing Closet offers free clothing for infants to adults. The Blessing Closet is open on Sundays 30 minutes before and after both morning services. Please see a Connect Team Member for directions inside the building.",no,----,,no,----,,,,,(as of 12/2022) Yes. If you would like to volunteer email manna@redeeminglovechurch.com.,,,,,,,,,,,,,,,,,checked,,,,,,,,,,,,,,,,,,,,,,,,,,checked,,,,,,,,,"54-BUS-(1 block),64-BUS-(1 block),80-BUS-(1 block)",
STEP (St. Louis Park Emergency Program),7/4/2023 11:34am,,"6812 West Lake St., St. Louis Park, MN 55426",44.9400362,-93.3634774,"STEP provides confidential food shelf services to those in need residing in St. Louis Park. Make an appointment to use the food shelf by calling 952-925-4899. 

Distribution:
Mondays: 8am-3:30pm
Tuesdays: 12pm-7pm
Wednesdays: 8am-3:30pm
Thursdays: 8am-3:30pm
Fridays: 8am-11:30am

Donations accepted:
Mondays: 8:00-3:30pm
Tuesdays: 12:00-7:00pm
Wednesdays: 8:00-3:30pm
Thursdays: 8:00-3:30pm
Fridays: 8-11:30am

Requirements:
-Picture ID and verification of St. Louis Park address at the initial appointment and annually thereafter; postmarked within past 30 days
-Compliance with COVID guidelines. Pick up at the back of the building, face mask required

Emergency food (1 bag of nonperishable goods, bread, meat, and shelf stable milk) available to those who walk in or to those who cannot make an appointment. Homeless youth who drop in will likewise be given this emergency food, and encouraged to meet with a STEP social worker to address any service needs not currently being met by other community providers.

Donations can be left in the Donation Bins in the front of the Knollwood and West End Cub Foods during business hours as well as at Vista Lutheran Church on Tuesdays (until 5:00) or Saturdays (until 3:00).

Check www.stepslp.org/news for days closed due to holidays or weather. We will also post closures on Facebook and Twitter. STEP generally follows SLP Public Schools for inclement weather closures.",no,----,,no,----,,,"Everyday non- perishable and household items you use every day in your household (think or your favorite meal ingredients, the spices you cook with all the time, and the healthy foods you and/or your family eat on a regular basis.) We also need those every day non-food household items like toilet paper, paper towels, napkins and cleaning products.","-Perishable items, used, open, damaged or outdated food
-Clothing","Yes, although STEP is seeking to minimize the number of people who are at our site and who have contact with neighbors we serve. Learn more at https://stepslp.org/volunteering-options/",,,,,,,,,,,,,,,,,,,,,,,,,,,,,,,,,,,,,,checked,https://crm.bloomerang.co/HostedDonation?ApiKey=pub_4ce33240-1bdf-11ec-a6d8-06c9b1bbd9b1&WidgetId=7922688,,,,,,,,,checked,checked,,,615-BUS-(1 block),
Interfaith Outreach & Community Partners (IOCP),3/6/2023 11:24am,,"1605 County Road 101 N, Plymouth, MN, 55447-2708",44.9965796,-93.5027368,"Donation hours:
Monday and Friday: 10am-5pm 
Wednesday: 10am-7pm 

Food shelf open by appointment only:
Monday: 1pm-6pm
Wednesday: 9am-noon, 2pm-5pm
Friday: 9am-noon

Our food shelf is now open for you to shop inside the building and choose what items work best for you. To shop you must make an appointment at iocp.org/foodvisit. You can schedule an appointment once every 2 weeks. We will not be able to take in-person drop-ins; appointments are required. 

Provides no-cost food and household essentials to help you stretch your budget. We now have even more options, including gluten free items, kid friendly snacks, halal meats, a variety of drinks and dried beans.

Bring your picture ID. ",no,----,,no,----,,"(as of 12/14) Healthy snacks including fruit squeeze pouches, cashews, almonds, rice cakes, pretzels, popcorn, fruit cups, granola bars, turkey jerky, cheese sticks, goldfish and juice boxes.",(as of 03/2023) Non-perishable food items and personal hygiene / toiletries: see list https://iocp.org/wp-content/uploads/2016/10/Interfaith-Outreach-food-shelf-needed-items.pdf,,"(03/2023) Yes, go to https://iocp.org/volunteer/ for information.",,,,,,,,,,,,,,,,,,,,,,,,,,,,,,,,,,,,,,,,,,,,,,,,checked,,,,776-BUS-(2 blocks),
Feeding Frogtown - Liberty Plaza,5/15/2024 11:39am,Frogtown,"290 Arundel Street, Saint Paul, MN",44.9501000,-93.1176800,"Every Tuesday: 2pm - 3pm 

Park at Community Office & knock on front door. Mention Feeding Frogtown.

Free single and family-sized (4 person) meals from local restaurants; pick-up  only. Meals could be heated to east or placed in refrigerator for later that week.

Learn more: https://www.facebook.com/FeedingFrogtown",no,----,,no,----,,,,,Not at this time,,,,,,,,,,,,,,,,,,,,,,,,,,,,,,,,,,,,,,,,,,,,,,,,,,,,21-BUS-(3 blocks),
Feeding Frogtown - Fuller Apartments,5/15/2024 11:39am,Frogtown,"250 W Fuller Avenue, Saint Paul, MN",44.9536900,-93.1107900,"Meal Program
Every Tuesday 4pm - 4:30pm 

Located in parking lot in front of address; refrigerated vehicle.
Free single and family-sized (4 servings) meals from local restaurants. 

Learn more: https://www.facebook.com/FeedingFrogtown ",no,----,,no,----,,,,,(as of 1/18) Not at this time,,,,,,,,,,,,,,,,,,,,,,,,,,,,,,,,,,,,,,,,,,,,,,,,,,,,"67-BUS-(2 blocks),Green-GREENLINE-(3 blocks),62-BUS-(2 blocks),3-BUS-(2 blocks)",
Feeding Frogtown - Wilder,5/15/2024 11:40am,Frogtown,"911 W Minnehaha Ave, St Paul, MN 55104",44.9634600,-93.1385700,"Every Tuesday 4:30-5:30 pm 

Located in parking lot next to apartments; refrigerated vehicle.
Free single and family-sized (4 servings) meals from local restaurants. 

Learn more: https://www.facebook.com/FeedingFrogtown ",no,----,,no,----,,,,,(as of 1/18) Not at this time,,,,,,,,,,,,,,,,,,,,,,,,,,,,,,,,,,,,,,,,,,,,,,,,,,,,67-BUS-(1 block),
Feeding Frogtown - Mt. Airy,5/15/2024 11:39am,Frogtown,"91 East Arch Street, Saint Paul, MN",44.9610300,-93.0970200,"Every Tuesday 2:30-3:30 pm 

Parking lot of Community Center at tables set up under porch.

Free single and family-sized (4 person) meals from local restaurants; pick-up  only. Meals could be heated to east or placed in refrigerator for later that week.

Learn more: https://www.facebook.com/FeedingFrogtown",no,----,,no,----,,,,,(as of 1/18) Not at this time,,,,,,,,,,,,,,,,,,,,,,,,,,,,,,,,,,,,,,,,,,,,,,,,,,,,68-BUS-(2 blocks),
Feeding Frogtown - Rivertown Commons,5/15/2024 11:40am,Frogtown,"175 Charles Avenue, Saint Paul, MN",44.9580700,-93.1075700,"Every Tuesday 3:30-4:30 pm 

Locate at main entrance for apartment building.

Free single and family-sized (4 person) meals from local restaurants at apartment entrance.

Learn more: https://www.facebook.com/FeedingFrogtown",no,----,,no,----,,,,,(as of 1/18) Not at this time,,,,,,,,,,,,,,,,,,,,,,,,,,,,,,,,,,,,,,,,,,,,,,,,,,,,"3-BUS-(1 block),62-BUS-(1 block),67-BUS-(1 block)",
Shobi's Table at Christ on Capitol Hill,4/4/2024 12:53pm,,"105 University Avenue West, Saint Paul, MN",44.9564500,-93.1041200,"Shobi's Table Lunch served: Tuesdays: 12:00-1:00pm 

Also distributing Thursdays, 12-1:00pm at Faith Lutheran (499 Charles Ave), and Fridays 12-1:00pm at Allianz Field (400 Snelling Ave N)",no,never,,no,----,,,,,Yes! Volunteer sign ups are here: https://shobistable.org/volunteer-application/ ,,,,,,,,,,,,,,,,,,,,,,,,,,,,,,,,,,,,,,,,,,,,,,,,,,,,"Green-GREENLINE-(1 block),3-BUS-(1 block),62-BUS-(1 block),67-BUS-(1 block)",
Neighborhood House — Metropolitan State University,3/13/2024 10:06am,Dayton's Bluff,"690 E 7th St, St Paul, MN 55106",44.9582500,-93.0730200,"Free Produce Distribution
One Wednesday per month: 2:30pm - 4pm, Student Center Room 101

Upcoming Spring 2024 dates:
March 13
April 10
May 8

Open to all, cost-free.

Our Winter Fresh Produce Distribution events take place at Metro State University in St. Paul. During each event, we distribute approximately 3,000 pounds of food to approximately 75-100 families on average. 

Event guideline and details: Our fresh produce events are open to everyone!
Requirements: Not a thing, just yourself. An identification is not required to attend.

Please note that your fist visit will require an onsite registration process that will take 5-10 minutes to complete.

Parking: You can park in the Metro State ramp parking for $5. Otherwise, street parking is available along 7th St. and Bates Avenue.

If available, please consider brining your own reusable bags. On average our visitors take home around 40 pounds of food.

Location
METROPOLITAN STATE UNIVERSITY
(STUDENT CENTER ROOM)
101 690 E 7TH ST
ST. PAUL, MN 55106
TIME – 2:30–4 P.M.
DATES – NOVEMBER 15, 2023 | DECEMBER 13, 2023 | JANUARY 10, 2024 | FEBRUARY 14, 2024 | MARCH 13, 2024 | APRIL 10, 2024 | MAY 8, 2024

* Weather permitting – If there are winter storm warnings, we may cancel the event and / or events. For more information and event cancellation updates, please call (651) 789-3630.

Website: http://neighb.org/freshproducedistributions/ 
Facebook Events: https://www.facebook.com/neighborhoodhouseMN/events ",no,never,,no,----,,,,,https://neighb.org/support/volunteer/,,,,,,,,,,,,,,,,,,,,,,,,,,,,,,,,,,,,,,,,,,,,,,,checked,checked,,,,"74-BUS-(1 block),61-BUS-(1 block),54-BUS-(1 block)",
SEWA - Asian Indian Family Wellness (AIFW): Brooklyn Center,11/30/2023 12:24am,North Suburbs,"6645 James Ave N, Brooklyn Center, 55430	",45.0760149,-93.3040766,"Health Clinics every Monday, 1pm-6pm. Make an appointment at https://www.sewa-aifw.org/events

Call (763) 234-8301 for more information. 

Free and confidential consultations and referrals with a physician are available. Other services such as vaccinations, blood pressure management, and glucose and cholesterol tests also available.

Groceries & donations accepted: 
Monday-Thursday; 9am-3pm

Our current drop off location is in Brooklyn Center, MN. Please text to confirm: 612-422-3276.",no,never,,no,----,,"
","(as of 11/2023)
Groceries:
All kinds of fruits and vegetables, hot peppers, onions, garlic, ginger, canned tomatoes, whole dried peppers, rice (basmati rice, sona masoori), chapathi atta, pickles (ginger, lemon, tomato, & coriander), dry dal/beans (urad, masoor, toor, chana, rajma, garbanzo beans, red kidney beans), cereals, black or kabuli channa, besan, flour (atta, white, wheat, masa), salt, sugar (brown, white), pasta, tamarind, spices (garam masala, cumin, mirchi, low-sodium salt, black pepper, red pepper, mustard seeds, rye, cinnamon, cardamom, fennel seeds, fenugreek), whole black pepper, turmeric, sooji (coarse), dalia, moong (whole with skin), vermicelli (bambino) roasted, condiments (Achar, ketchup, hot sauce, salsa, tomato sauce), honey, instant coffee, black tea (no flavor), canola oil, raw peanuts, Ritz crackers, Belvita protein crackers

​Personal Care & Cleaning Products:
toothbrushes/toothpaste, shampoo/conditioner (full size bottles only), body soap, hand soap, hand sanitizer, women’s deodorant, menstrual products (sanitary pads, pantyliners, menstrual cups), laundry detergent, dish soap, paper towels, toilet paper, Kleenex, 

Baby Products:
Diapers (sizes 1-4), baby oil/baby powder, baby shampoo, baby food in jars (such as small Gerber jars), baby formula

Household Items:
We will accept many gently used items (unless indicated) if in working order and with all parts. All items must be clean. Examples: small kitchen appliances, kitchen items (complete dinnerware or flatware sets, serving spoons, mixing bowls, bakeware), new towel sets, full size sheets & comforters (new or gently used, no rips/stains), pillowcases, air mattresses (twin or full size), brooms and dustpans, laundry baskets

Clothing Items:
We will accept some gently used items (unless indicated). Any used items must be clean and free of rips, tears, holes, and stains. Examples: new socks (men’s, women’s, children’s), new undergarments (men’s, women’s, children’s)
winter gear: coats, hats, gloves, mittens, scarves (we accept from September – December), culturally specific clothing (saris, lenghas, kurtas – must be full sets)

Electronics:
We don’t typically accept electronics, but we are looking for new/gently used tablets that can help our seniors stay connected on Facebook, Zoom, etc.

https://www.sewa-aifw.org/donations",(as of 11/2023) Any electronics besides tablets; out-of-season clothing; canned foods other than tomatoes,"(11/2023) Yes, more info at https://sewa-aifw.org/volunteer/ or https://www.facebook.com/groups/savmn",,,,,,,,,,,,,,,,,,,,,,,,,,,,,,,,,,,,,,,,,,,,,,,,,,,,722-BUS-(3 blocks),
Annex Teen Clinic,6/7/2023 10:37am,,"5810 42nd Avenue North, Robbinsdale, MN 55422",45.0323956,-93.3540958,"Open:
10am-5pm Monday, Tuesday, Wednesday, and Friday
10am-7pm on Thursdays

Free internal and external condoms, dental dams, and personal PPE as well as informational flyers on sexual health. No ID needed. 

The price of other clinic services is pay-what-you-can. If unable to pay what you can for services, long-term care would require ID, but is not needed to access services initially. Call or visit the clinic to learn more.      

The Annex Teen Clinic is a sexual health clinic serving young people through age 25 with education and clinical services. We’ve served this community as a valuable, trustworthy source for clinic services and education since 1971. 

https://annexteenclinic.org/ 
Phone: 763-533-1316 ",no,----,,no,----,,,,,Yes! Learn more and sign up at https://forms.office.com/r/mLWVAuZfL7,,,,,,,,,,,checked,,,,,,,,,,,checked,,,,checked,,checked,,,,,,,,,,checked,https://www.givemn.org/organization/Annexteenclinic,,,,,,,,checked,checked,,,,"716-BUS-(1 block),717-BUS-(1 block),764-BUS (1 block)",
Keystone Foodmobile Grocery Distribution - Davita Dialysis,5/27/2024 1:49pm,Capitol,"555 Park St, Saint Paul, MN 55103",44.9583300,-93.1041100,"Free Food Distribution
Usually two consecutive days each month: 9:30am-11:30am.

Upcoming 2024 dates:
May 28

Open to anyone needing food support. We will be distributing shelf stable groceries, produce, dairy, meat and other items in a safe, socially distanced manner.
This does count as a food shelf service, so participants will be asked a few questions prior to accessing food. Please note that the Foodmobile is a Keystone food shelf and thus participants can only access services once a month. 

More information: https://keystoneservices.org/food-shelves/foodmobile/ 
Facebook Events: https://www.facebook.com/KeystoneCommunityServices/events ",no,----,,no,----,,,,,(as of 15 Feb 2024) Yes; find info on website: https://keystoneservices.org/volunteer/ ,,,,,,,,,,,,,,,,,,,,,,,,,,,,,,,,,,,,,,,,,,,,,,,checked,checked,,,,"3-BUS-(2 blocks),67-BUS-(2 blocks)",
La Viña Burnsville/South Metro Vineyard Church,4/10/2024 12:35pm,South Suburbs,"13798 Parkwood Dr, Burnsville, MN 55337",44.7557500,-93.2602700,"Drive-through food distribution every Monday (other than federal holidays) 4pm-6pm. Donations of dry goods accepted Sundays 1-3pm and Mondays 11am-1pm.

The distribution is a drive-thru. You will remain in your car the entire time and we will load the food into your vehicle. The distribution is first come, first serve until we run out of food.  

No hay ningun requisito. Solo ven y con tu auto, fórmate en la línea. No tienes que bajar de tu auto, nosotros pondremos todo en el baul.",no,----,,no,----,,,"(10/24) Items requested:  beans, rice, peanut butter, canned goods, cereal and boxed meals like macaroni and cheese, etc.",,"(as of 10/24) Yes! Seeking volunteers Mondays 1:30-7:00.

Se solicitan voluntarios todos los lunes de 1:30pm a 7:00pm.
",,,,,,,,,,,,,,,,,,,,,,,,,,,,,,,,,,,,,,,,,,,,,,,checked,,,,,442-BUS-(2 blocks),
ZOE Church,6/5/2024 7:53pm,South Suburbs,"14300 Burnsville Pkwy, Burnsville MN 55306",44.7433300,-93.3246500,"Market Day takes place on the 
Fourth Tuesday of each month: 1pm-3:30pm 

We have everything from fresh produce, meat, dairy, bread, canned goods, etc. Generally there is no limit to what you can take.

You can come as early as 10am to get your number (which is your place in line), but food distribution begins at 1pm and ends a 3:30pm. You do not need to stay if you pick up your number early. Boxes will be provided for food.

When you arrive, park towards the far right side of the building and enter in the far right doors (door 6N).

Website: https://zchurch.churchcenter.com/registrations/events/1378707 ",no,----,,no,----,,,,,"(as of 25 Jan 2024) Yes! If you would like to join the volunteer team, please arrive by 11am.",,,,,,,,,,,,,,,,,,,,,,,,,,,,,,,,,,,,,,,,,,,,,,,,,,,,"444-BUS-(2 blocks),447-BUS-(2 blocks)",
Food Shelf-In-A-Box at Folwell School Pop-Up Mobile,4/10/2024 10:57pm,Standish,"3611 20th Ave S, Minneapolis, MN 55407",44.9368200,-93.2429400,"Food Shelf in a Box!
Distribution: 3rd Tuesday of each month from 3:00 pm – 5:00 pm

Contact
info@goodinthehood.org
612-217-4003",no,----,,no,----,,,,,"Yes, find info at https://www.goodinthehood.org/volunteer/",,,,,,,,,,,,,,,,,,,,,,,,,,,,,,,,,,,,,,,,,,,,,,,,,,,,"23-BUS-(2 blocks),22-BUS-(1 block)",
Food Shelf-In-A-Box at Hmong Int'l Academy Pop-up Mobile,4/10/2024 11:00pm,Jordan,"1501 30th Avenue North, Minneapolis, MN 55411",45.0113200,-93.2980800,"Food Shelf in a Box!
3rd Thursday of each month: 4pm-5:30pm

Contact
info@goodinthehood.org
612-217-4003

https://www.goodinthehood.org/our-programs/feeding-the-future/foodshelf-in-a-box/",no,----,,no,----,,,,,"Yes, find info at https://www.goodinthehood.org/volunteer/",,,,,,,,,,,,,,,,,,,,,,,,,,,,,,,,,,,,,,,,,,,,,,,,,,,,"5-BUS-(2 blocks),32-BUS-(1 block)",
Food Shelf-In-A-Box at Weaver Elementary Pop-Up Mobile,4/10/2024 11:13pm,Northeast Suburbs,"2135 Birmingham Street, Maplewood, MN 55019",45.0055800,-93.0412200,"Distribution: 2nd Wednesday of each month: 3-5pm

https://www.goodinthehood.org/our-programs/food-programs/foodshelf-in-a-box/ 

Contact
info@goodinthehood.org
612-217-4003",no,----,,no,----,,,,,"Yes, find info at https://www.goodinthehood.org/volunteer/",,,,,,,,,,,,,,,,,,,,,,,,,,,,,,,,,,,,,,,,,,,,,,,,,,,,64-BUS-(1 block),
Food Shelf-In-A-Box at Cowern Elementary,4/10/2024 10:53pm,Northeast Suburbs,"2131 Margaret St, North Saint Paul, MN 55109",45.0055800,-92.9929800,"Food Shelf in a Box!
3rd Wednesday of each month: 4:00 pm – 6:00 pm

Contact
info@goodinthehood.org
612-217-4003",no,----,,no,----,,,,,"Yes, find info at https://www.goodinthehood.org/volunteer/",,,,,,,,,,,,,,,,,,,,,,,,,,,,,,,,,,,,,,,,,,,,,,,,,,,,64-BUS-(3 blocks),
Food Shelf-In-A-Box at Castle Elementary,4/10/2024 10:52pm,Northeast Suburbs,"6675 50th St. N, Oakdale, MN 55128",45.0201200,-92.9709700,"Food Shelf in a Box!
1st Wednesday of each month: 4:30 pm – 6:30 pm

Contact
info@goodinthehood.org
612-217-4003",no,----,,no,----,,,,,"Yes, find info at https://www.goodinthehood.org/volunteer/",,,,,,,,,,,,,,,,,,,,,,,,,,,,,,,,,,,,,,,,,,,,,,,,,,,,,
One91 Community Pantry: Diamondhead Education Center,5/22/2024 9:22pm,South Suburbs,"200 W Burnsville Pkwy, Burnsville, MN 55337",44.7724431,-93.2816298,"The Pantry runs the first and third Tuesdays of each month, from 2-4pm or until food runs out. Food is available to the public.
(From June to October, there is also produce distribution on the second and fourth Tuesday of each month.)

The 191 Community Pantry is available year-round. Recipients receive a grocery bag of non-perishable items and a small box of assorted fruits and vegetables.

Pantry pick-up is located at Diamondhead Education Center, 200 W. Burnsville Pkwy in Burnsville (Door 9 - Pleasant Avenue Entrance).",no,----,,no,----,,,,,(as of 12/2023) Yes! More info here: https://www.signupgenius.com/go/5080844a4ab23aafe3-191community#/,,,,,,,,,,,,,,,,,,,,,,,,,,,,,,,,,,,,,,,,,,,,,,,,,,,,"444-BUS-(1 block),Orange-ORANGELINE-(3 blocks)",
One91 Community Pantry: Edward Neill Elementary,5/22/2024 9:28pm,South Suburbs,"13409 Upton Ave S, Burnsville, MN 55337",44.7600587,-93.3128843,"Drive-through pick up food distribution on the 3rd Wednesday of each month (from September to May) from 3:30 - 5:30 p.m.  (No summer distribution!)

Focused on Neill families and neighborhood, but food distribution is open to the public. Food is free and usually includes both dry goods and fresh produce, as well as dairy and meat when available.  ",no,----,,no,----,,,,,,,,,,,,,,,,,,,,,,,,,,,,,,,,,,,,,,,,,,,,,,,,,,,,,,,,,444-BUS-(3 blocks),
Sisters' Camelot Food Share: Urban Research and Outreach-Engagement Center (UROC),4/29/2024 10:51pm,Near North,"2001 Plymouth Ave N, Minneapolis, MN 55411",44.9914896,-93.3062961,"First Thursday of each month: 2pm - 3pm

Upcoming 2024 dates: 
May 2

 Please stand outside the side door and someone will set the bag out for you. If you have clean paper grocery bags to donate, please bring those with you. Please bring a reusable shopping bag/box/cart/something sturdy to help you carry both the paper bag of groceries we pass out and the extra produce that is usually available in addition. Feel free to wear a mask if you wish, and please mask or stay home if you have symptoms of viral illness.

Por favor párase afuera de la puerta y alguien pondrá la bolsa afuera. Si tiene bolsas de papel limpias para donar, tráigalas con usted por favor. Por favor traiga una bolsa de compras reutilizable/caja/carrito/algo duradero que le ayude a llevar tanto la bolsa de papel con los comestibles que repartimos y los productos adicionales que normalmente están disponibles además. Si lo desea, siéntase libre de usar una máscara y, por favor, cúbrase o quédese en casa si tiene síntomas de una enfermedad viral.

The beloved kitchen bus needs new tires and other mechanical repairs in order to continue traveling safely. To learn more, share, and/or donate:
Facebook post: https://www.facebook.com/SistersFoodshare/posts/1370004926841779 
GiveMN Campaign: https://www.givemn.org/story/Sq5i5g 

Frequent locations include:
- Walker Church (3104 16th Ave S in Minneapolis)
- Bethany Church (2511 Franklin Ave East in Minneapolis)
- Park Avenue Church (3400 Park Avenue South in Minneapolis)
- UROC (2001 Plymouth Ave N in Minneapolis)
- St. Mary's University Center (2540 Park Avenue South in Minneapolis)",no,----,,no,----,,,"(as of 01/2024) Clean paper grocery bags, Ziploc bags",,"(as of 11/2023) Yes, always in need of volunteers at this location! Volunteers should arrive at 12:30pm.",,,,,,,,,,,,,,,,,,,,,,,,,,,,,,,,,,,,,,checked,https://www.givemn.org/organization/Sisterscamelot,,,,,,,,checked,,,,,"7-BUS-(1 block),32-BUS-(1 block)",
Cash Money Ryders Food Distribution @ Rondo,6/28/2023 9:41pm,Rondo,"609 Dale St N, St. Paul, MN 55103",44.9598648,-93.1263419,"Distributing food every Thursday, 12-3 pm, with Sanneh Foundation.",no,----,,no,----,,,,,,,,,,,,,,,,,,,,,,,,,,,,,,,,,,,,,,,,,,,,,,,,,,,,,,,,,"65-BUS-(1 block),67-BUS-(1 block)",
Partnership Academy,2/28/2024 10:12pm,South Suburbs,"6500 Nicollet Ave, Richfield, MN 55423",44.8852295,-93.2782928,"Distributing food through Sanneh Foundation's Latino Outreach program from 3pm-5pm every other Saturday (spring dates: March 2, 16, and 30; April 13 and 27; May 11 and 25)",no,----,,no,----,,,,,,,,,,,,,,,,,,,,,,,,,,,,,,,,,,,,,,,,,,,,,,,,,,,,,,,,,"18-BUS-(1 block),515-BUS-(1 block)",
"Keystone Foodmobile Grocery Distribution - New Life Church, Roseville",5/27/2024 1:50pm,NE Suburbs,"965 Larpenteur Ave W, Roseville, MN 55113",44.9926645,-93.1405114,"Free Food Distribution
One day each month: 2pm - 4pm

Upcoming 2024 dates:
Thursday, May 16

Open to anyone needing food support. We will be distributing shelf stable groceries, produce, dairy, meat and other items in a safe, socially distanced manner.

This does count as a food shelf service, so participants will be asked a few questions prior to accessing food. Please note that the Foodmobile is a Keystone food shelf and thus participants can only access services once a month. 

More information: https://keystoneservices.org/food-shelves/foodmobile/ 

https://www.facebook.com/events/308940684439491/ ",no,----,,no,----,,,,,(as of 15 Feb 2024) Yes; find info on website: https://keystoneservices.org/volunteer/ ,,,,,,,,,,,,,,,,,,,,,,,,,,,,,,,,,,,,,,,,,,,,,,,checked,checked,,,,61-BUS-(1 block),
Food Shelf-In-A-Box at Universal Christian Ministries (UCM),4/10/2024 11:12pm,St. Anthony Park,"997 Raymond Ave, St Paul, MN 55114",44.9709969,-93.1976888,"Food Shelf in a Box!
2nd Wednesday of month from 2:00 pm – 4:00 pm

https://www.goodinthehood.org/our-programs/food-programs/foodshelf-in-a-box/ 

Contact
info@goodinthehood.org
612-217-4003",no,----,,no,----,,,,,"Yes, find info at https://www.goodinthehood.org/volunteer/",,,,,,,,,,,,,,,,,,,,,,,,,,,,,,,,,,,,,,,,,,,,,,,,,,,,87-BUS-(1 block),
LCM Church,10/24/2022 3:41pm,NW Suburbs,"1200 69th Ave N Brooklyn Center, MN 55430",45.0809500,-93.2968100,"Hot meal served every Wednesday night, 5pm-6:30pm. Menu is posted each week on Facebook: https://www.facebook.com/lcmonline55430/",no,----,,no,----,,,,,,,checked,,,,,,,,,,,,,,,,,,,,,,,,,,,,,,,,,,,,,,,,,,,,,checked,,,,,"22-BUS-(2 blocks),722-BUS-(2 blocks),763 Express-BUS-(3 blocks)",
Food Shelf-in-a-Box at Nokomis East,4/10/2024 11:08pm,Wenonah,"5540 30th Ave S, Minneapolis, MN 55417",44.9022500,-93.2301500,"Food Shelf in a Box!
2nd & 4th Wednesdays of the month: 2pm - 4pm

FREE fresh produce, dairy, meat, canned & boxed foods, cleaning supplies & personal supplies at Crosstown Covenant Church
Wear a mask & bring grocery bags!

Organized by Crosstown Covenant Church and Trinity Lutheran Church of Minnehaha Falls, in Partnership with Good in the ‘Hood and the Nokomis East Neighborhood Association

Questions:
nokomiseastfood@gmail.com
612-217-2769
English/Español

https://nokomiseast.org/free-food/ 

info@goodinthehood.org
612-217-4003

https://www.goodinthehood.org/our-programs/feeding-the-future/foodshelf-in-a-box/",no,never,,no,----,,,,,Yes - see https://www.signupgenius.com/go/9040b48adaa283-nokomis5,,,,,,,,,,,,,,,,,,,,,,,,,,,,,,,,checked,,,,,,,,,,,checked,,,,,,,,,22-BUS-(2 blocks),
Community Action Center of Northfield- NCEC location,4/10/2024 11:52am,,"700 Lincoln Parkway Northfield, MN 55057",44.4697362,-93.1699220,"Open Thursdays, 3pm–7pm

Walk-ins welcome- no appointment needed!
-Food is available for anyone who needs it up to once per week.
-No ID or proof of income is required. Minimal information is requested (name, address, number of people in your household, ages).
-Any information shared with us is kept confidential.
-Our staff speak English, Spanish, and Somali.
-No transportation? We can deliver!

Questions? Fill out the contact form (https://communityactioncenter.org/get-help/) or call all us at (507) 664-3585.",no,----,,no,----,,,,,"(as of 04/2023)
Yes, in both Northfield and Faribault. Find more volunteering info at  https://communityactioncenter.org/volunteer/",,,,,,,,checked,,,,,,,,,,,,,,,,,,,,,,,,checked,,,,,,checked,https://communityactioncenter.org/donate/,,,,checked,,,,checked,,,,,,
All Nations Youth and Community Assistance Program,7/12/2023 10:42am,Willard-Hay,"2315 24th Ave N, Minneapolis, MN 55411",45.0041306,-93.3101550,"Please join All Nations Youth and Community Assistance Program on Fridays from 11:30 am to 2:30 pm for a free food Distribution. Please come early-- food often runs out by 1:30 pm.

Contact: 612-707-4030 or 763-777-1840",no,never,,no,----,,,,,,,,,,,,,,,,,,,,,,,,,,,,,,,,,,,,,,,,,,,,,,,,,,,,,,,,,"14-BUS-(1 block),CLine-BUS-(1 block),5-BUS-(2 blocks),32-BUS-(2 blocks)",
Big Lake Community Food Shelf,4/10/2024 11:57am,,"160 Lake St North, Big Lake, MN 55309",45.3333355,-93.7448937,"The food shelf is located at 160 Lake St. N in the City Hall building.

Distribution hours and types: 
Monday 5:30–7:30 p.m. (Online Ordering Appt. Only)
Tuesday: 11:00 a.m.–12:30 p.m. (Pop Up Pantry)
Wednesday: 9–11 a.m.  (Online Ordering Appt. Only)
Thursday 5:30–7:30pm (Walk-In Only)
Friday 11:30 a.m.–12:30 p.m. (Freebie Friday)
Closed major holidays

At Big Lake Community Food Shelf, we treat our clients with the utmost dignity and respect they deserve. We are located in city hall.

We are a choice model food shelf, which means you will select the food you want. Due to Covid-19, we are currently using a paper (Thursday) or on-line (Monday/Wednesday) choice list, and volunteers pack your food for you.
- Mondays and Wednesdays are on-line ordering by appointment only.  Appointments must be set up 24 hours prior to service time.
- Thursdays are for walk-ins – no appointment needed.
- Tuesday and Friday events are extra events that do not affect your regular monthly visit.

Throughout the year, we offer special meals to help families get through traditionally hard seasons. Special services include Summer Kids Kits, Holiday Meal Bags, Birthday Bags, and Free Produce Days.
Learn more at https://blcfs.org/get-help/

DONATIONS
Donations can be dropped off at the food shelf during serving hours, placed in the after-hours bin located inside City Hall, or placed in the donation barrel at Coborns.",no,----,,no,----,,,"(3/31) We gladly accept the following:
- Non-expired, unopened, store-purchased, nonperishable food items
- Personal care products – shampoo, deodorant, soap, diapers, toilet paper, feminine hygiene products, toothpaste
- Cleaning supplies – laundry detergent, paper towels, kitchen and bathroom cleaners

Specific commonly needed items include:
- Meats, fish and protein – canned tuna, ham or chicken, beef stew, chili, peanut butter, canned/dried beans
- Fruits and vegetables – 100% fruit juice, canned fruits and vegetables, instant potatoes
- Complete meals – pasta & canned sauce, boxed meals, hearty soups
- Grains – cereal, rice
- Special diet foods – gluten-free, low-sugar, low-sodium
- Personal care products and cleaning supplies
https://blcfs.org/give-food/
",,"Yes!
We are always looking for volunteers interested in making a difference to help at the food shelf. We offer onetime, seasonal, and year round opportunities for individuals, families, and small groups. For safety concerns, we ask that volunteers are at least 16 years of age (unless a parent/guardian will be volunteering at the same time). We love to instill the value of volunteering at a young age!
Learn more at https://blcfs.org/give-time/",,,,,,,,,,,,,,,,,,,,,,,,,,,,,,,,,,,,,,checked,https://blcfs.org/donate/,,,,checked,,,,,,checked,,,,
Agate Welcome Center -By Appointment Only-,8/2/2023 10:22am,Whittier,"2309 Nicollet Avenue, Minneapolis, MN 55404",44.9600500,-93.2774500,"Open by appointment, Monday - Friday, 9:00AM - 4:00PM

We do drop-ins for people experiencing unsheltered homelessness, generate people's birth certificates, set up mailboxes for them so they can receive mail on-site, hand out snack packs, and have a Representative Payee program for those receiving Social Security Disability or Supplemental Security Income payments who need a receiver and/or budgeting assistance 

Currently in need of Snack Packs, Welcome Baskets, and Comfort Kits to support people transitioning from homelessness into their own apartments and homes. Visit agatemn.volunteerhub.com/vv2/ for more information.",no,----,,no,----,,"Currently in need of Snack Packs, Welcome Baskets, Hygiene Kits and Comfort Kits to support people transitioning from homelessness into their own apartments and homes. Visit agatemn.volunteerhub.com/vv2/ for more information","Small TVs with built-in antenna, hands-on art supply kits, fans, hangers, disinfectant wipes, vacuums, comforters, shower mats, tub mats, dog food, cat food, cat litter, hairbrushes, coffee makers, small microwaves, toilet bowl cleaner, window cleaner, bleach, $10 gift cards (gas, Savers, Goodwill, coffee, fast food)",,Volunteer needs change frequently. Contact Noah Chan at noah.chan@agatemn.org or 612-327-6389. ,,,,,,,,,,,,,,,,,,,,,,,,,,,,,,,,,,,,,,,,,,,,,,,checked,,checked,,,"17-BUS-(1 block),18-BUS-(1 block)",
Keystone Foodmobile Grocery Distribution - Anpetu Teca,5/27/2024 1:49pm,NE Suburbs,"1910 County B Rd W, Roseville, MN 55113",45.0051711,-93.1801308,"Free Food Distribution
One day each month: 10:30am - 12pm

2024 upcoming dates:
Wednesday, May 22

Open to anyone needing food support. We will be distributing shelf stable groceries, produce, dairy, meat and other items in a safe, socially distanced manner.
This does count as a food shelf service, so participants will be asked a few questions prior to accessing food.
For more information about Keystone's Foodmobile visit - https://keystoneservices.org/food-shelves/foodmobile/ 

Keystone Facebook Page: https://www.facebook.com/KeystoneCommunityServices 
Keystone Facebook Events: https://www.facebook.com/KeystoneCommunityServices/events ",no,----,,no,----,,,,,(as of 15 Feb 2024) Yes; find info on website: https://keystoneservices.org/volunteer/ ,,,,,,,,,,,,,,,,,,,,,,,,,,,,,,,,,,,,,,,,,,,,,,,checked,checked,,,,87-BUS-(1 block),
Keystone Foodmobile Grocery Distribution- McDonough Recreation Center,5/27/2024 1:52pm,North End,"1544 Timberlake Rd, St Paul, MN 55117",44.9879447,-93.0924410,"Free Food Distribution
One day each month: 2pm - 4pm

2024 upcoming dates:
Monday, May 6

Open to anyone needing food support. We will be distributing shelf stable groceries, produce, dairy, meat and other items in a safe, socially distanced manner.

This does count as a food shelf service, so participants will be asked a few questions prior to accessing food. Please note that the Foodmobile is a Keystone food shelf and thus participants can only access services once a month. 

More information: https://keystoneservices.org/food-shelves/foodmobile/ 

https://www.facebook.com/events/381075166790179/381075183456844 ",no,----,,no,----,,,,,(as of 15 Feb 2024) Yes; find info on website: https://keystoneservices.org/volunteer/ ,,,,,,,,,,,,,,,,,,,,,,,,,,,,,,,,,,,,,,,,,,,,,,,checked,checked,,,,"68-BUS-(1 block),61-BUS-(2 blocks)",
Augustana Lutheran Church of West St. Paul,5/10/2023 7:24pm,South Suburbs,"1400 S Robert St, West St Paul, MN 55118",44.9043000,-93.0802400,"Serving a free drive-up to-go dinner every Thursday, 4:30-6pm.",no,----,,no,----,,,Amazon wishlist: https://www.amazon.com/registry/wishlist/1BPSUB9TA6HPB/ref=cm_sw_r_cp_ep_ws_qtOeCb6HNQ8Y8 ,,(as of 12/7) yes! Learn more and sign up here: https://www.signupgenius.com/go/30e0848aaaa22a0f94-community,,checked,,,,,,,,,,,,,,,,,,,,,,,,,,,,,,,,,,,,,,,,,,,,,checked,,,,,"62-BUS-(1 block),68-BUS-(1 block),75-BUS-(1 block)",
Flourish Food Market,4/4/2024 12:26pm,South Uptown,"3501 Aldrich Ave S, Minneapolis MN 55408",44.9392600,-93.2891200,"Flourish is a plant-based food shelf open to in-person shopping every Wednesday from 1-3pm. Flourish offers food that is or is made from fruits, vegetables, whole grains, and legumes. We offer both shelf-stable and fresh food. 
Flourish is located in the Center of Belonging at 3501 Aldrich Ave S, Minneapolis.

We exist to provide access to fresh and healthy food options to households in communities where access to fresh and healthy food options can be difficult to come by. To that end, Flourish is committed to providing foods that promote full health and well-being.

Flourish Food Market is a collaborative partnership between Ace in the City and Rooted Green Wellness, and made possible through the support of Second Harvest Heartland and so many community members.

https://www.flourishfoodmarket.com/",no,----,,no,----,,,,,,,,,,,,,,,,,,,,,,,,,,,,,,,,,,,,,,,,,,,checked,https://aceinthecity.org/donate/,,,,checked,,,,,,,,,"4-BUS-(1 block),23-BUS-(2 blocks),114-BUS-(2 blocks)",
VEAP (Volunteers Enlisted to Assist People) - Mobile Food Pantry at Saint Nick’s Episcopal Church,2/1/2023 12:28pm,,"7227 Penn Ave South, Richfield MN 55423",44.8717311,-93.3081880,"Every Saturday from 2 – 4 p.m. or until food runs out

VEAP's Mobile Food Pantry brings fresh produce and other healthy foods directly to people in our service area.

All are welcome at the VEAP Mobile Food Pantry!  Check our events calendar for detailed information on our distribution locations and schedule: https://veap.org/events/",no,----,,no,----,,"Check https://veap.org/most-needed-items/ for the latest list. Currently, the items most needed are as follows:Whole grain rice (1-2 pound bags) & whole grain pastas
Hearty soups (high protein, low sodium)
Toilet paper
Paper towels
Diapers (size 5-7) and baby wipes
Whole grain cereal (like Shredded Wheat, Kashi, bran cereals, Chex, etc.)
Cooking oil
Coffee
Baking essentials (flour, sugar, spices, baking soda/powder)
Laundry detergent
Dish soap
Personal care items (shampoo, toothpaste, hand soap, shaving cream, toiletries, etc.)
Gluten-free products (whole grains like brown rice, wild rice, quinoa, cornmeal; nut flours and butters; rice crackers, GF snacks, etc. Check for gluten-free product label.)
Birthday cake frosting, birthday-themed napkins/plates, cake mix, small birthday party favors like chalk, bubbles or bags of balloons
Paper bags and re-usable totes (We’ll always take your extra paper grocery bags. We are not accepting plastic bag donations).","In addition to shelf-stable food and fresh produce, VEAP also accepts and highly encourages donations of household products like laundry detergent, soap, diapers, paper towels, shampoo, toothpaste, deodorant and all other home and personal hygiene products. 

We also accept pet food for our visitors with furry ones at home, as well as children’s books (baby board books, chapter books and middle/high school books) ","clothing, winter gear, furniture, medical equipment, toys (temporarily suspended), and utensils. Please visit our resource page for a list of other community partners that may take these items (https://veap.org/where-to-donate-items-veap-cannot-accept/).

Also can an only accept frozen and refrigerated products from organizations in the food industry and items must be individually labeled with ingredients & source/origin information
","Volunteers needed inside our pantry, warehouse and other areas at VEAP.

Additionally, volunteer drivers needed. No experience or vehicle needed. Drivers will drive a VEAP minivan to deliver prepackaged fresh and shelf-stable foods to seniors, participants with disabilities, as well as community members without transportation.

All volunteers ages 18 and older are required to complete a criminal background check prior to volunteering. Volunteer Drivers are also required to pass a motor vehicle check, have a valid driver’s license, and proof of insurance.
Driver shifts are on-site at VEAP and begin every weekday at 9:00 a.m., 11:00 a.m., and 2:00 p.m. Evening driving shifts now available on the 1st and 3rd Thursday of each month at 4:30 - 7:00 p.m.

Info and sign up at https://veap.org/now-seeking-volunteer-van-drivers/",,,,,,,,,,,,,,,,,,,,,,,,,,,,,,,,,,,,,,,,,,,,,,,,,,,,4-BUS-(1 block),
The Open Door Food Pantry •••By Appointment Only•••,2/1/2023 10:11am,South Suburbs,"3000 Ames Crossing Road, Suite 100, Eagan, MN 55121",44.8492800,-93.1084700,"Monthly appointments are available for Dakota County residents:
Monday, Tuesday, Wednesday, 10am–3pm
Thursday, 10am–12:15pm
Tuesday and Thursday evening, 5:30–7:30 pm
Fridays, 10am–12pm
Call to make an appointment: 651-686-0787

Clients are required to self-report income, but there are no income or citizenship requirements. Bringing a photo ID or mail showing your current address is recommended but not required.

The Open Door's Mobile Food Pantry also makes stops all over Dakota County. Calendar available here: https://theopendoorpantry.org/events/category/get-food/",no,never,,no,----,,,(as of 12/2022) financial donations: https://theopendoorpantry.org/how-to-give/financial-giving/,,(as of 12/2022) Yes! See info here: https://theopendoorpantry.org/get-involved/volunteer/,,,,,,,,,,,,,,,,,,,,,,,,,,,,,,,,,,,,,,checked,https://theopendoorpantry.org/how-to-give/financial-giving/,,,,,,,,,checked,,,,489-BUS-(1 block),
Feeding Frogtown — West Minnehaha Recreational Center,5/15/2024 11:40am,West Frogtown,"685 W Minnehaha Ave, St. Paul, MN 55104",44.9639631,-93.1294221,"Grocery distribution usually 2 Fridays per month: 3pm-6pm.

2024 dates:
February 9
March 8 & 22
April 5 & 19
May 3, 17, & 31
June 14 & 28
July 12 & 26
August 9 & 23
September 6 & 20
October 4 & 18
November 1, 15, & 29
December 13 & 27

Facebook Event: https://www.facebook.com/events/370100005608801/ ",no,----,,no,----,,,,,"If you're interested in volunteering, email or call:
ctdFNA@gmail.com
or 651-236-8699",,,,,,,,,,,,,,,,,,,,,,,,,,,,,,,,,,,,,,,,,,,,,,,,,,,,,
Sisters' Camelot Food Share: Hosmer Library,4/11/2024 11:31pm,Powderhorn,"347 E 36th St, Minneapolis, MN 55408",44.9374800,-93.2705400,"Sisters' Camelot shares food on Tuesdays & Thursdays. Hours and location vary - see Facebook page for most current information: 
https://www.facebook.com/SistersFoodshare/ 

The beloved kitchen bus needs new tires and other mechanical repairs in order to continue traveling safely. To learn more, share, and/or donate:
Facebook post: https://www.facebook.com/SistersFoodshare/posts/1370004926841779 
GiveMN Campaign: https://www.givemn.org/story/Sq5i5g 

Sisters' Camelot's frequent locations include:
- Walker Church (3104 16th Ave S in Minneapolis)
- Soup for You (2511 Franklin Ave East in Minneapolis)
- Park Avenue Church (3400 Park Avenue South in Minneapolis)
- UROC (2001 Plymouth Ave N in Minneapolis)
- St. Mary's University Center (2540 Park Avenue South in Minneapolis)",no,never,,no,not today,,Clean paper grocery bags- can be dropped off at any Sisters' Camelot foodshare or kitchen bus event.,,,,,,,,,,,,,,,,,,,,,,,,,,,,,,,,,,,,,,,,,checked,https://www.givemn.org/organization/Sisterscamelot,,,,checked,,,,checked,,,,,11-BUS-(1 block),checked
Friends in Need Food Shelf,3/6/2023 11:44am,SE Suburbs,"535 4th St, St Paul Park, MN 55071",44.8488700,-92.9972400,"Open (by appointment) Tuesdays 8am-4pm and Wednesdays 5:30pm-6:30pm.

Our main service area is Cottage Grove, Newport, St. Paul Park, and Grey Cloud Island, but we will help anyone in need of food, regardless of where they live. (Deliveries and our non-food programs are only for those in our service area.) We are pleased to offer fresh produce, deli, dairy, meat, milk, eggs, non-perishables, toiletries, and pet food in a grocery store-style setting. We allow clients to come every other week and we give out a very generous amount of food on each visit. We request that every time you visit the Friends in Need Food Shelf you bring picture identification and a current bill showing your address in our service area.  The bill can be a rent statement or receipt, utility bill, phone bill or any other bill dated recently.  If you are homeless, mention this when you call.

To make an appointment, call (651) 458-0730 on Mondays between 12:00-3:00, or Tuesdays between 7:30am-4:00pm to make an appointment. 
If you are disabled or lack transportation and would like to request delivery, call between 12pm and 3pm on Monday to set up a Tuesday delivery appointment. If you would like curbside pickup instead of coming inside to shop, please call between 12pm and 3pm on Monday to make a special appointment. When you arrive, park in our specially marked ""Curbside"" parking spot and call (651) 458-0730, and we'll bring food out to the car.

If none of these days or times work for you, we will be happy to make special accommodations. Please call (651) 458-0730. For a video tour of the food shelf, and info about other resources, see our website: https://www.finfood.org/get-help.html",no,never,,no,----,,,Financial donations: https://www.finfood.org/donate1.html,,Yes! More info here: https://www.finfood.org/volunteers.html,,,,,,,,,,,,,,,,,,,,,,,,,,,,,,,,,,,,,,checked,https://www.finfood.org/donate1.html,,,,,,,,,checked,checked,,,,
Minneapolis First SDA Church Community Services,11/30/2022 9:19pm,Whittier,"2315 Nicollet Ave, Minneapolis, MN 55404",44.9598800,-93.2777700,"Thursdays, 5pm-6:30pm

Sharing groceries, produce, personal hygiene products, clothing, household items and encouragement with families in Minneapolis.

https://www.minneapolisfirst.org/ministries/community-service",no,----,,no,----,,,"Items for homeless outreach (please contact Tom Baker at 952-486-2789 or takemesailing@yahoo.com to donate):

Food: canned food, microwaveable food, bread, peanut butter, any shelf-stable food, snacks, apples, bananas, pears, boxed juice

Clothing (all sizes and genders): wool socks, underwear, shoes, long underwear, winter jackets and pants, hats, gloves, mittens, belts, hand and feet warmers, winter boots, heavy pants, sweaters and sweatshirts, flannel shirts

Hygiene items: menstrual products, toothbrushes and toothpaste, dental floss, soap, shampoo, general cleaning products (environmentally friendly preferred)

Other items: socket wrench sets, scissors, utility knives, charcoal, ice, bottled water, scrap wood and building materials, zip ties, gorilla or duct tape, electric space heaters, warm sleeping bags, blankets, pillows, large tents (4 to 6 person), sleeping pads, gas card for generator (gas only), 5w-40 oil, sea foam, extension cord",,Yes - show up anytime between 3pm and 6pm.,,,,,,,,,,,,,,,,,,,,,,,,,,,,,,,checked,,,,,,,,,,,,,,,,checked,,,,,18-BUS-(2 blocks),
Loaves and Fishes: Advent Lutheran Church,12/23/2022 3:21pm,NW Suburbs,"540 East River Road, Anoka, MN 55303",45.1894600,-93.3818800,"Monday, Wednesday, and Friday from 5:00 – 6:00 PM

Hybrid meal service with to-go and in-person dining options. To-go meals served by the rear doors facing East River Road. In-Person Dining guests may enter the double doors facing East River Road.

https://www.loavesandfishesmn.org/community-meal-sites/advent-lutheran-church/",no,----,,no,----,,,,,(as of 12/2022) Not at this time.,,checked,,,,,,,,,,,,,,,,,,,,,,,,,,,,,,,,,,,,checked,https://loavesandfishesmn.networkforgood.com,,,,,,,,checked,,,,,"850-BUS-(1 block),852-BUS-(1 blocks)",
Loaves and Fishes: Nokomis Heights Lutheran Church,1/4/2023 8:07pm,Hale,"5300 10th Ave S, Minneapolis, MN 55417",44.9067900,-93.2604600,"To-go meals served Wednesdays, 5-6pm.

https://www.loavesandfishesmn.org/community-meal-sites/nokomis-heights-lutheran-church/",no,----,,no,----,,,,,"(as of 12/2022) 
Yes - info/signup here: https://www.signupgenius.com/go/10c0d44a5ab2fa1fa7-nokomis#/",,checked,,,,,,,,,,,,,,,,,,,,,,,,,,,,,,,,,,,,checked,https://loavesandfishesmn.networkforgood.com,,,,,,,,checked,,,,,"14-BUS-(1 block),5-BUS-(3 blocks),DLINE-BUS-(3 blocks)",
Loaves and Fishes / Food Shelf-in-a-Box : True Vine New Bethel,6/1/2024 12:38am,Willard-Hay,"2639 N Thomas Ave, Minneapolis, MN 55411",45.0072700,-93.3136900,"Loaves and Fishes:
To-go meals served
Monday-Friday 12:30pm-1:30pm

Food Shelf in a Box:
Distributing food every 3rd Wednesday of the month: 1pm-3pm

-----
Loaves and Fishes website: https://www.loavesandfishesmn.org/community-meal-sites/true-vine-new-bethel/

Food Shelf In-A-Box website and contact: https://www.goodinthehood.org/our-programs/food-programs/foodshelf-in-a-box/ 
info@goodinthehood.org
612-217-4003",no,never,,no,not today,,, ,,,,checked,,,,,,,,,,,,,,,,,,,,,,,,,,,,,,,,,,,,checked,https://loavesandfishesmn.networkforgood.com,,,,,,,,checked,,,,,"14-BUS-(1 block),32-BUS-(3 blocks)",
Loaves and Fishes: Christ the King Lutheran Church,5/3/2023 8:47pm,South Suburbs,"8600 Fremont Ave S, Bloomington, MN 55420",44.8470300,-93.2970000,"Meals served Monday – Friday from 5:00 – 6:00 PM
To-go meals served at the main doors under the overhang.
*Closed 5/29 and 6/19*

https://www.loavesandfishesmn.org/community-meal-sites/christ-the-king-lutheran-church/
",no,----,,no,----,,,,,(as of 12/2022) Not at this time.,,checked,,,,,,,,,,,,,,,,,,,,,,,,,,,,,,,,,,,,checked,https://loavesandfishesmn.networkforgood.com,,,,,,,,checked,,,,,,
Loaves and Fishes: Faith Covenant Church,12/23/2022 3:34pm,South Suburbs,"12921 Nicollet Ave, Burnsville, MN 55337",44.7689800,-93.2768800,"Meals served 
Wednesdays 5:30pm - 6:30pm 

Enter the parking lot at E 130th St. and To-Go meals are served at the coffee shop entry doors.

https://www.loavesandfishesmn.org/community-meal-sites/faith-covenant-church/
",no,----,,no,----,,,,,"(as of 12/2022) Yes, on Wednesday nights:
https://www.signupgenius.com/go/10c0d44a5ab2fa1fa7-faith3#/",,checked,,,,,,,,,,,,,,,,,,,,,,,,,,,,,,,,,,,,checked,https://loavesandfishesmn.networkforgood.com,,,,,,,,checked,,,,,,
Loaves and Fishes: Mount Olivet Lutheran Church (Plymouth),5/3/2023 8:55pm,West Suburbs,"12235 Old Rockford Rd, Plymouth, MN 55441",45.0290146,-93.4379653,"To-go meals served: 
Mondays, 5:30-6:30pm

Curbside to-go meal served at Door 2. For additional Community Meal information, please visit: https://www.moply.org/community-meal

https://www.loavesandfishesmn.org/community-meal-sites/brunswick-united-methodist-church/",no,----,,no,----,,,,,(as of 12/2022) Yes: https://www.signupgenius.com/go/10c0d44a5ab2fa1fa7-mount,,checked,,,,,,,,,,,,,,,,,,,,,,,,,,,,,,,,,,,,checked,https://loavesandfishesmn.networkforgood.com,,,,,,,,checked,,,,,,
Community Kitchen Mpls,5/3/2023 8:20pm,Marcy Holmes,"500 8th Ave SE, Minneapolis MN 55414",44.9849368,-93.2427286,"Hot meals to go, Monday and Tuesday, 4:30-6:00pm.
Look for the door with the bag lunch on it, and come up the stairs!

Accepting donations Sundays 12:30-3:30 and Mondays/Tuesdays 1:30-6:00.

Volunteers turn rescued produce and donated goods into hot meals delivered to unhoused groups all over Minneapolis and offered to anyone who walks up.

linktr.ee/communitykitchenmpls",no,----,,no,----,,,"(as of 05/2023) Highest needs are bottled water, canned fruit, canned tomato products, rice, spaghetti, and Little Debbie-type snacks, but will accept any nonperishable food/drinks or travel-sized hygiene items.

If you're interested in donating a large quantity of items, homebaked desserts, or something perishable, please get in touch first: communitykitchenmpls@gmail.com",,"(as of 05/2023) Yes, for picking up water, cooking, packing meals, and delivering them in pairs: linktr.ee/communitykitchenmpls
",,checked,,,,,,,,,,,,,,,,,,,,,,,,,,,,,checked,,,,,,,checked,https://opencollective.com/communitykitchenmpls,,,,,,,,checked,,,,,"2-BUS-(2 blocks),4-BUS-(2 blocks),6-BUS-(2 blocks),250-BUS-(3 blocks),264-BUS-(3 blocks),270-BUS-(3 blocks)",
Keystone Foodmobile Grocery Distribution - Rice Street Library,5/27/2024 1:49pm,North End,"1011 Rice St, St Paul, MN 55117",45.0150900,-93.1063000,"Free Food Distribution 
One Tuesday of each month, 2pm-4pm

2024 upcoming dates:
May 21

Open to anyone needing food support. We will be distributing shelf stable groceries, produce, dairy, meat and other items in a safe, socially distanced manner.
This does count as a food shelf service, so participants will be asked a few questions prior to accessing food. Please note that the Foodmobile is a Keystone food shelf and thus participants can only access services once a month. 

More information: https://keystoneservices.org/food-shelves/foodmobile/",no,----,,no,----,,,,,(as of 15 Feb 2024) Yes; find info on website: https://keystoneservices.org/volunteer/ ,,,,,,,,,,,,,,,,,,,,,,,,,,,,,,,,,,,,,,,,,,,,,,,checked,checked,,,,,
Keystone Foodmobile Grocery Distribution - HealthPartners Como Clinic,5/27/2024 1:49pm,Como,"2500 Como Ave, St Paul, MN 55108",44.9865500,-93.2019200,"Free Food Distribution
One day each month, 10am-12pm.

2024 upcoming dates:
Wednesday, May 29

Open to anyone needing food support. We will be distributing shelf stable groceries, produce, dairy, meat and other items in a safe, socially distanced manner.
This does count as a food shelf service, so participants will be asked a few questions prior to accessing food. Please note that the Foodmobile is a Keystone food shelf and thus participants can only access services once a month. 

More information: https://keystoneservices.org/food-shelves/foodmobile/ ",no,----,,no,----,,,,,(as of 15 Feb 2024) Yes; find info on website: https://keystoneservices.org/volunteer/ ,,,,,,,,,,,,,,,,,,,,,,,,,,,,,,,,,,,,,,,,,,,checked,,,,checked,checked,,,,,
Keystone Foodmobile Grocery Distribution - M Health Fairview - Roselawn Clinic,5/27/2024 1:50pm,Payne-Phalen,"1983 Sloan Pl #1, St Paul, MN 55117",45.0017000,-93.0882500,"Free Food Distribution
One Friday each month, 10am-12pm. 

2024 upcoming dates: 
May 17

Open to anyone needing food support. We will be distributing shelf stable groceries, produce, dairy, meat and other items in a safe, socially distanced manner.
This does count as a food shelf service, so participants will be asked a few questions prior to accessing food. Please note that the Foodmobile is a Keystone food shelf and thus participants can only access services once a month. 

More information: https://keystoneservices.org/food-shelves/foodmobile/ ",no,----,,no,----,,,,,(as of 15 Feb 2024) Yes; find info on website: https://keystoneservices.org/volunteer/ ,,,,,,,,,,,,,,,,,,,,,,,,,,,,,,,,,,,,,,,,,,,checked,,,,checked,checked,,,,,
South Metro Islamic Center (SMIC),11/15/2023 10:22pm,SE Suburbs,"15400 S Robert Trail, Rosemount, MN 55068",44.7266300,-93.1315100,"Free food for all (no income restrictions) 
2nd Sunday of each month: 10am-12pm
Upcoming 2023 dates:
December 10
and 2024:
January 14
February 11
March 10
April 14
May 12
June 9

https://www.southmetroic.org/foodshelf 
Questions? Call 651-252-1186.
",no,not today,,no,not today,,,,,,,,,,,,,,,,,,,,,,,,,,,,,,,,,,,,,,,,,,,,,,,,,,,,,checked,,,,,
Way of the Lord Food Shelf,6/5/2024 8:17pm,North Suburbs,"804 131st Ave NE, Blaine, MN 55434",45.2069800,-93.2470100,"2nd and 4th Tuesdays of each month: 2:30-5:30pm. 

Food and miscellaneous items are available at no cost to those in need from Andover, Blaine, Coon Rapids and Ham Lake. Please bring a valid photo ID along with a current utility bill (showing your current address) to each visit to the Food Shelf.

The Way of the Lord Food Shelf is located on the campus of Way of the Lord Church on the north end of the property. The facility is a double-door garage behind the Genesis building. 

https://www.wayofthelord.org/food-shelf",no,----,,no,----,,,,,,,,,,,,,,,,,,,,,,,,,,,,,,,,,,,,,,,,,,,,,,,checked,,,,,,checked,,,,,
Youthprise/Sisters Camelot: HCL Franklin Library,6/5/2024 7:50pm,Ventura Village,"1314 East Franklin Ave., Minneapolis, MN 55404 ",44.9630985,-93.2558541,"Youthprise serves snacks 3:30-7:30 pm Tuesday, Thursday, Saturday (https://youthprise.org/nutritionprogram/)

Sisters Camelot shares organic produce at this location on some Tuesday and Thursday afternoons. Watch Facebook for announcements about upcoming dates: https://www.facebook.com/SistersFoodshare/",no,never,,no,----,,,,,,,,,,,,,,,,,,,,,,,,,,,,,,,,,,,,,,,,,,,,,,,,,,,,,checked,,,,"2-BUS-(1 block),9-BUS-(1 block),14-BUS-(1 block),67-BUS-(3 blocks)",
Pillsbury United Communities: Oak Park Center,4/10/2024 12:29pm,Near - North,"1701 Oak Park Avenue North, Minneapolis, MN, 55411",44.9874200,-93.3023800,"Take-out meals available Tuesdays-Thursdays, 4pm-6pm

https://pillsburyunited.org/programs/cafe-meals/",no,----,,no,----,,,"(as of 2/2023)
Financial donations accepted: https://pillsburyunited.org/donate/",,,,checked,,,,,,,,checked,checked,checked,,,,,,,,,,,,checked,,,,,,,,,,,,,,checked,https://pillsburyunited.org/donate/,,,,checked,,,,,,,,,7-BUS-(3 blocks),
EMpowerment Food Bank South,4/10/2024 10:13pm,Ventura Village,"2020 Elliot Ave, Minneapolis, MN 55404",44.9625300,-93.2611200,"Free food distribution
Second Friday of each month, 3-5pm

Enter on Franklin Ave S.

Through partnerships with NCFA and other organizations, we provide 500 to 1500 pounds of food from fruits and vegetables, meats, eggs, bread, dairy, and packaged products. https://www.brothersempowered.org/",no,never,,no,----,,,,,,,,,,,,,,,,,,,,,,,,,,,,,,,,,,checked,,checked,,,,,,,checked,https://www.paypal.com/donate/?hosted_button_id=REFKEKUW5G8LL,,,,checked,,,,checked,,,,,"5-BUS-(1 block),DLINE-BUS-(1 block),2-BUS-(1 block),9-BUS-(1 block)",
EMpowerment Food Bank Northwest,4/10/2024 10:12pm,NW Suburbs,"3978 W Broadway Ave, Minneapolis, MN 55422",45.0274300,-93.3341500,"Free food distribution
First Friday of each month, 3-5pm

Enter at gym door.

Through partnerships with NCFA and other organizations, we provide 500 to 1500 pounds of food from fruits and vegetables, meats, eggs, bread, dairy, and packaged products. https://www.brothersempowered.org/",no,never,,no,----,,,,,,,,,,,,,,,,,,,,,,,,,,,,,,,,,,checked,,checked,,,,,,,checked,https://www.paypal.com/donate/?hosted_button_id=REFKEKUW5G8LL,,,,checked,,,,checked,,,,,"14-BUS-(2 blocks),32-BUS-(2 blocks),717-BUS-(3 blocks),716-BUS-(3 blocks)",
EMpowerment Food Bank North,4/10/2024 10:13pm,Willard-Hay,"1801 N James Ave, Minneapolis, MN 55411",44.9969790,-93.3025670,"Free food distribution
Fourth Friday of each month, 3-5pm

Enter at gym door 29.

Through partnerships with NCFA and other organizations, we provide 500 to 1500 pounds of food from fruits and vegetables, meats, eggs, bread, dairy, and packaged products. https://www.brothersempowered.org/",no,never,,no,----,,,,,,,,,,,,,,,,,,,,,,,,,,,,,,,,,,checked,,checked,,,,,,,checked,https://www.paypal.com/donate/?hosted_button_id=REFKEKUW5G8LL,,,,checked,,,,checked,,,,,,
EMpowerment Food Bank St. Paul,4/10/2024 10:13pm,Midway,"1166 University Ave W, St Paul, MN 55104",44.9548100,-93.1499700,"Free food distribution
Third Friday of each month, 3-5pm

Use gym door.

Through partnerships with NCFA and other organizations, we provide 500 to 1500 pounds of food from fruits and vegetables, meats, eggs, bread, dairy, and packaged products. https://www.brothersempowered.org/",no,never,,no,----,,,,,,,,,,,,,,,,,,,,,,,,,,,,,,,,,,checked,,checked,,,,,,,checked,https://www.paypal.com/donate/?hosted_button_id=REFKEKUW5G8LL,,,,checked,,,,checked,,,,,"83-BUS-(1 block),21-BUS-(3 blocks),Green-GREENLINE-(1 block)",
Blaine United Methodist Church Food Shelf,3/1/2023 9:28pm,NW Suburbs,"621 115th Avenue NE, Blaine, MN 55434",45.1803000,-93.2537900,"Free food distribution, Thursdays 10am-12pm.
Open to everyone! Come in the front door and someone will be there to assist you. 

(763) 757-2170",no,never,,no,----,,,,,,,,,,,,,,,,,,,,,,,,,,,,,,,,,,,,,,,,,,,,,,,,,,,,checked,,,,,,
"Task Force, Inc.",11/1/2023 9:46pm,NW Suburbs,"5901 Brooklyn Blvd #105, Minneapolis, MN 55429",45.0621500,-93.3258600,"Food distribution on Saturdays, 11am-2pm.

Questions? Please contact Denise at 952-607-1681.

https://www.facebook.com/Task-Force-Inc-106309488983046/",no,never,,no,----,,,,,,,,,,,,,,,,,,,,,,,,,,,,,,,,,,,,,,,,,,,,,,,,,,,,checked,,,,,,
HopeBridge Food Shelf •••By Appointment•••,3/6/2023 10:02am,NW Suburbs,"4217 Boone Ave N, New Hope, MN 55428",45.0343900,-93.3910600,"Appointments available 
Tuesdays, 3–6pm & Thursdays, 2–6pm

Accepting donations at HopeBridge during the same hours, or at New Hope Church (4225 Gettysburg Ave N) Monday–Friday, 8:30am–4:30pm.

Make an appointment here: https://newhopechurchmn.org/serve/food-shelf/

DELIVERY:
If you're unable to get to the food shelf, email us. We encourage in-person visits, however, we may be able to deliver food to those unable to leave their homes. We offer a limited delivery service in our immediate area on the 2nd and 4th Monday of each month. Contact us for more details.

2023 Closed Dates: May 30, June 20, July 4, September 5, November 23, December 18, 21, 25, 28",no,----,,no,----,,,"Personal Items: Toothpaste, toothbrushes, shampoo and conditioner, feminine hygiene products, Band-Aids and antiseptic ointment

Household: Laundry and dish detergents, paper towels, Kleenex, toilet paper, bar soap, paper bags, egg cartons

Dry Goods: Coffee, tea, hot chocolate mix, baking mixes, packaged cookies",,(as of 03/2023) Yes - find info here: https://newhopechurchmn.org/serve/food-shelf/serve-at-the-food-shelf/,,,,,,,,,,,,,,,,,,,,,,,,,,,,,,,,,,,,,,checked,https://pushpay.com/g/newhopechurchmn,,,,,,,,,,checked,,,717-BUS-(3 blocks),
Feeding Frogtown- Como Place Apartments,5/15/2024 11:40am,,"195 Edmund Ave W, St Paul, MN 55103",44.9596600,-93.1085800,"Every Tuesday 2pm - 3pm

Free single and family-sized (4 person) meals from local restaurants at apartment entrance.

Learn more: https://www.facebook.com/FeedingFrogtown",#ERROR!,,,no,,,,,, Not at this time,,,,,,,,,,,,,,,,,,,,,,,,,,,,,,,,,,,,,,,,,,,,,,,,,,,,"3-BUS-(1 block),67-BUS-(1 block)",
Sikh Society of MN Health Clinics,11/30/2023 12:17am,South Suburbs,"9000 W Bloomington Fwy, Bloomington, MN 55431",44.8398590,-93.2993930,"Every 2nd Sunday of the Month 
11:00 am - 2:00 pm

Free and confidential consultations and referrals with a physician are available. Other services such as vaccinations, blood pressure management, and glucose and cholesterol tests also available.",no,----,,no,----,,,,,,,,,,,,,,,,,,,,,,,checked,,checked,,,,,,,,,,,,,,,,,,,,,,,,,,,checked,,,,,534-BUS-(3 blocks),
Keystone Foodmobile Grocery Distribution - Roseville Church of Christ,5/27/2024 1:52pm,NE Suburbs,"241 Larpenteur Ave W, Roseville, MN 55113",44.9945197,-93.1099574,"Free Food Distribution
Specific Mondays or Tuesdays: 2pm - 4pm

Upcoming 2024 dates:
Monday, March 11

New location!

Open to anyone needing food support. We will be distributing shelf stable groceries, produce, dairy, meat and other items in a safe, socially distanced manner.
This does count as a food shelf service, so participants will be asked a few questions prior to accessing food. Please note that the Foodmobile is a Keystone food shelf and thus participants can only access services once a month. 

More information: https://keystoneservices.org/food-shelves/foodmobile/ ",no,----,,no,----,,,,,(as of 15 Feb 2024) Yes; find info on website: https://keystoneservices.org/volunteer/ ,,,,,,,,,,,,,,,,,,,,,,,,,,,,,,,,,,,,,,,,,,,,,,,checked,checked,,,,"68-BUS-(4 blocks),62-BUS-(4 blocks)",
Sisters' Camelot Food Share: Northeast United Methodist Church,4/17/2024 2:48am,Audubon Park,"2510 Cleveland St NE, Minneapolis, MN 55418",45.0136036,-93.2309634,"Sisters' Camelot shares food on Tuesdays & Thursdays. Hours and location vary - see Facebook page for most current information: 
https://www.facebook.com/SistersFoodshare/ 

The beloved kitchen bus needs new tires and other mechanical repairs in order to continue traveling safely. To learn more, share, and/or donate:
Facebook post: https://www.facebook.com/SistersFoodshare/posts/1370004926841779 
GiveMN Campaign: https://www.givemn.org/story/Sq5i5g 

Sisters' Camelot's frequent locations include:
- Walker Church (3104 16th Ave S in Minneapolis)
- Soup for You (2511 Franklin Ave East in Minneapolis)
- Park Avenue Church (3400 Park Avenue South in Minneapolis)
- UROC (2001 Plymouth Ave N in Minneapolis)
- St. Mary's University Center (2540 Park Avenue South in Minneapolis)",no,never,,no,not today,,,"(as of 04/2023) Clean paper grocery bags, Ziploc bags",,,,,,,,,,,,,,,,,,,,,,,,,,,,,,,,,,,,,,,,,https://www.givemn.org/organization/Sisterscamelot,,,,,,,,checked,,,,,"32-BUS-(1 block),25-BUS-(2 blocks)",
Food Shelf-In-A-Box at Briar Hill YMCA,4/10/2024 10:51pm,SE Suburbs,"7025 Woodland Drive, Eden Prairie, MN 55346",44.8755300,-93.4673400,"Food Shelf in a Box! 
3rd Wednesday of each month from 2pm-4pm

https://www.goodinthehood.org/our-programs/food-programs/foodshelf-in-a-box/ ",no,----,,no,----,,,,,"Yes, find info at https://www.goodinthehood.org/volunteer/",,,,,,,,,,,,,,,,,,,,,,,,,,,,,,,,,,,,,,checked,https://gith.z2systems.com/np/clients/gith/donation.jsp,,,,,,,,,,,,,,
Food Shelf-In-A-Box at The Gathering Church,4/10/2024 11:10pm,West Suburbs,"3620 43rd Ave N, Robbinsdale, MN 55422",45.0340900,-93.3257600,"Food Shelf in a Box! 
4th Thursday of each month: 4-6 pm

Contact
info@goodinthehood.org
612-217-4003

https://www.goodinthehood.org/our-programs/feeding-the-future/foodshelf-in-a-box/",no,----,,no,----,,,,,"Yes, find info at https://www.goodinthehood.org/volunteer/",,,,,,,,,,,,,,,,,,,,,,,,,,,,,,,,,,,,,,checked,https://gith.z2systems.com/np/clients/gith/donation.jsp,,,,,,,,,,,,,,
Keystone Foodmobile Grocery Distribution - Jeremiah Program (St. Paul),5/27/2024 1:50pm,Summit-University,"932 Concordia Ave, St Paul, MN 55104",44.9516367,-93.1399760,"Free Food Distribution
One day per month: 2pm - 4pm

2024 upcoming dates: 
Monday, May 20

Open to anyone needing food support. We will be distributing shelf stable groceries, produce, dairy, meat and other items in a safe, socially distanced manner.
This does count as a food shelf service, so participants will be asked a few questions prior to accessing food. Please note that the Foodmobile is a Keystone food shelf and thus participants can only access services once a month. 

Map of where to park: https://keystoneservices.org/events/foodmobile-public-distribution-jeremiah-program-st-paul/2023-11-13/ 

More information: https://keystoneservices.org/food-shelves/foodmobile/ ",no,----,,no,----,,,,,(as of 15 Feb 2024) Yes; find info on website: https://keystoneservices.org/volunteer/ ,,,,,,,,,,,,,,,,,,,,,,,,,,,,,,,,,,,,,,,,,,,checked,,,,checked,checked,,,,"83-BUS-(4 blocks),21-BUS-(5 blocks)",
Sisters' Camelot Food Share: St. Mary's University Center,4/23/2024 10:53pm,Phillips West,"2540 Park Ave, Minneapolis, MN 55404",44.9777932,-93.2707029,"Sisters' Camelot shares food on Tuesdays & Thursdays. Hours and location vary - see Facebook page for most current information: 
https://www.facebook.com/SistersFoodshare/ 

The beloved kitchen bus needs new tires and other mechanical repairs in order to continue traveling safely. To learn more, share, and/or donate:
Facebook post: https://www.facebook.com/SistersFoodshare/posts/1370004926841779 
GiveMN Campaign: https://www.givemn.org/story/Sq5i5g 

Sisters' Camelot's frequent locations include:
- Walker Church (3104 16th Ave S in Minneapolis)
- Soup for You (2511 Franklin Ave East in Minneapolis)
- Park Avenue Church (3400 Park Avenue South in Minneapolis)
- UROC (2001 Plymouth Ave N in Minneapolis)
- St. Mary's University Center (2540 Park Avenue South in Minneapolis)",no,never,,no,not today,,Clean paper grocery bags- can be dropped off at any Sisters' Camelot foodshare or kitchen bus event.,"(as of 4/6) Clean paper grocery bags, Ziploc bags",,,,,,,,,,,,,,,,,,,,,,,,,,,,,,,,,,,,,,,,checked,https://www.givemn.org/organization/Sisterscamelot,,,,checked,,,,checked,,,,,"5-BUS-(3 blocks),DLINE-BUS-(3 blocks),11-BUS-(4 blocks)",
Food Shelf-In-A-Box at Minnetonka Heights Apt YMCA,4/10/2024 11:04pm,West Suburbs,"5809 County Rd 101, Minnetonka, MN 55345",44.8979684,-93.5121220,"Food Shelf in a Box!
2nd Wednesday of the month: 2pm - 4pm

Contact
info@goodinthehood.org
612-217-4003

https://www.goodinthehood.org/our-programs/feeding-the-future/foodshelf-in-a-box/",no,----,,no,----,,,,,"Yes, find info at https://www.goodinthehood.org/volunteer/",,,,,,,,,,,,,,,,,,,,,,,,,,,,,,,,,,,,,,,,,,,,,,,,,,,,667-BUS-(1 block),
Food Shelf-In-A-Box at Sonder Point,4/10/2024 11:09pm,NW Suburbs,"5803 N Xerxes Ave, Brooklyn Center, MN 55430",45.0611285,-93.3206250,"Food Shelf in a Box!
2nd Tuesday of the month: 2pm - 4pm

Contact
info@goodinthehood.org
612-217-4003

https://www.goodinthehood.org/our-programs/feeding-the-future/foodshelf-in-a-box/",no,----,,no,----,,,,,"Yes, find info at https://www.goodinthehood.org/volunteer/",,,,,,,,,,,,,,,,,,,,,,,,,,,,,,,,,,,,,,,,,,,,,,,,,,,,"721 Ltd Stop-BUS-(1 block),723-BUS-(1 block),761-BUS-(2 blocks),5-BUS-(2 blocks),22-BUS-(2 blocks),717-BUS-(2 blocks)",
Food Shelf-In-A-Box at The Hillock,4/10/2024 11:10pm,Hiawatha,"4440 Snelling Ave, Minneapolis, MN 55406",44.9231180,-93.2191633,"Food Shelf in a Box! 
2nd Wednesday of the month: 2pm - 4pm

Contact
info@goodinthehood.org
612-217-4003

https://www.goodinthehood.org/our-programs/feeding-the-future/foodshelf-in-a-box/",no,----,,no,----,,,,,"Yes, find info at https://www.goodinthehood.org/volunteer/",,,,,,,,,,,,,,,,,,,,,,,,,,,,,,,,,,,,,,,,,,,,,,,,,,,,"7-BUS-(3 blocks),9-BUS-(3 blocks),74-BUS-(3 blocks),blue-BLUELINE-(4 blocks),A-Line-BUS-(4 blocks)",
Food Shelf-In-A-Box at Zanewood Recreation Center,4/17/2024 10:23pm,NW Suburbs,"7100 Zane Ave. N, Brooklyn Park, MN 55429",45.0838347,-93.3553899,"Distribution: 2nd Tuesday of the month: 12pm - 2pm

https://www.goodinthehood.org/our-programs/food-programs/foodshelf-in-a-box/ 

Contact
info@goodinthehood.org
612-217-4003",no,----,,no,----,,,,,"Yes, find info at https://www.goodinthehood.org/volunteer/",,,,,,,,,,,,,,,,,,,,,,,,,,,,,,,,,,,,,,,,,,,,,,,,,,,,"724-BUS-(1 block),716-BUS-(1 block),760-BUS-(1 block)",
Keystone Community Food Center,5/27/2024 1:52pm,Union Park,"1800 University Ave W, St Paul, MN 55104",44.9556919,93.1763129,"Food Shelf
Monday, Tuesday, Thursday, Friday: 10:00 a.m. – 12:00 p.m. & 2:00 – 4:00 p.m.
Wednesday: closed in the morning, 4:00 – 7:00 p.m.

Donations accepted:
Monday, Tuesday, Thursday, Friday: 8:30am - 4pm
Wednesday: 8:30am - 6pm

The center is between the Wendy’s and Arby’s on the corner of Fairview and University. No appointment or advanced registration is required. Food shelf participants are served on a first come, first served basis

https://keystoneservices.org/food-shelf/ 
Please call 651-917-3792 if you have any questions.

Delivery Program
Keystone launched a free delivery program to help more low-income seniors and adults with disabilities access food support. Those who qualify can receive monthly deliveries, dropped off by Keystone volunteers. Learn more about this program and if you qualify: https://keystoneservices.org/seniors/grocery-delivery/ 



.",no,----,,no,----,,"(as of 15 Feb 2024)
Peanut butter
Canned meat
Pasta
Rice
Flour
Sugar
Cooking oil
Cereal
Diapers
Toilet paper
Hygiene items","We welcome donations of shelf-stable grocery items and many household staples and hygiene items.

Please keep in mind that this is not a complete list of items we accept. If you have a special item in mind to donate or have questions about our donation process, please don’t hesitate to reach out!

Have more questions? We would love to connect with you further about your donation drive and support you in any way we can.",,(as of 15 Feb 2024) Yes; find info on website: https://keystoneservices.org/volunteer/ ,,,,,,,,checked,,,,,,,,,,,,,,,,,,,,,,,,,,,,,,,,,,,,,,,checked,checked,,,,"67-BUS-(1 block),Green-GREENLINE-(2 blocks)",
Food Shelf-In-A-Box at Forty-Forty Flats,4/17/2024 10:26pm,SW Suburbs,"4040 W 70th St, Edina, MN 55435",44.8769000,-93.3312600,"Distribution: 3rd Tuesday of the month: 1pm-3pm

https://www.goodinthehood.org/our-programs/food-programs/foodshelf-in-a-box/ 

Contact
info@goodinthehood.org
612-217-4003",no,----,,no,----,,,,,"Yes, find info at https://www.goodinthehood.org/volunteer/",,,,,,,,,,,,,,,,,,,,,,,,,,,,,,,,,,,,,,,,,,,,,,,,,,,,"6-BUS-(3 blocks),538-BUS-(3 blocks)",
BASED - in partnership with Home Base Central,5/2/2024 12:17am,,"2323 Hennepin Ave, Minneapolis, MN 55405",44.9596968,-93.2935524,"Brick-and-mortar location for Home Base
(Space partnership with Sapphire Sun Creations)

See Home Base Facebook page for current details: https://www.facebook.com/ThisIsHomeBase ",no,not today,,no,not today,,,,,,,,,,,,,,,,,,,,,,,,,,,,,,,,,,,,,,,,,,,,,,,,,,,,,,,,,"6-BUS-(1 block),114-BUS-(1 block),2-BUS-(3 blocks)",
Community Bridge Food Pantry,5/10/2024 10:23am,Phillips West,"2400 Park Ave, Minneapolis MN 55404",44.9584800,-93.2657900,"Food Pantry is open the 2nd Friday of each month, 8am-11am. 

Phone: (612) 746-4108
Email: info@communitybridgempls.org",no,----,,no,----,,,,,,,,,,,,,,,,,,,,,,,,,,,,,,,,,,,,,,,,,,,,,,,,,,,,,,,,,"11-BUS-(3 blocks),5-BUS-(3 blocks)",
Lighthouse Church - Rosemount,5/15/2024 10:15pm,SE Suburbs,"3285 144th St W, Rosemount, MN 55068",44.7406900,-93.1315900,"LoveShare grocery distribution one Monday per month (usually the 4th Monday, but may move due to holidays), 6pm until gone. 
Next date: May 20th. Check for upcoming dates: https://lighthousemn.church/events/",no,----,,no,----,,,,,"Yes - ‍if you would like to serve at LoveShare, come anytime after 5pm and contact Jean at: jeanieb1696@gmail.com.",,,,,,,,,,,,,,,,,,,,,,,,,,,,,,,,,,,,,,,,,,,,,,,,,,,,420-BUS-(2 blocks),
White Bear Area Community Market,6/5/2024 8:14pm,NE Suburbs,"2446 County Rd F East, White Bear Lake, MN 55110",45.0641100,-92.9968200,"In-person shopping Monday, Tuesday, Wednesday, and Friday, 1-4pm. All are welcome - no appointment needed!

https://whitebearfoodshelf.org/",no,never,,no,----,,,,,,,,,,,,,,,,,,,,,,,,,,,,,,,,,,,,,,,,,,,,,,,,,,,,,,,,,,
Ebenezer's Free Produce Market (Ebenezer Fellowship SDA Church),6/6/2024 7:58am,Longfellow,"3418 E Lake St, Minneapolis, MN 55406",44.9487000,-93.2221070,"Summer (June-September) food distribution in partnership with Second Harvest, the first and third Wednesday of each month. Scheduled to start at 3pm, but start time may change based on delivery (look for updates at https://www.facebook.com/profile.php?id=100067758576110), and runs until food is gone (usually about two hours).

Flyer with dates is here: https://www.facebook.com/permalink.php?story_fbid=pfbid0H6u1hkjXhevbgWEAeAfwgEBt6KkrQTWV2AdF6PVpCry4MMwX7JkPq4kAZFQ3e9Zol&id=100067758576110",no,never,,no,----,,,,,,,,,,,,,,,,,,,,,,,,,,,,,,,,,,,,,,,,,,,,,,,,,,,,,,,,,"9-BUS-(1 block),21-BUS-(1 block)",